10493,adidas Predator Mini Max Lite Football Pump
11125,Nike (RED) Football
68371,MITRE Calcio (White Football)
69686,MITRE Ultimax 26P Football
69687,MITRE Pro Max 26P Football
69688,MITRE Max Fluo 26P Football
69689,MITRE Max 26P Football
69690,MITRE Ultimatch 18P Football
69692,MITRE Ultimatch Fluo 18P Football
69694,MITRE Cosmic 18P Football
69695,MITRE Tactic (White/Red) Football
69696,MITRE Tactic (White/Blue) Football
69697,MITRE Tactic Fluo Football
69698,MITRE Calcio 18P Football
69700,MITRE Super Dimple (White) Football
69709,MITRE Cyclone Indoor Football
70035,MITRE Calcio Fluo Football
93900,Malmo 18 Panel Training Football
264066,MITRE Super League Indoor Football
265049,Derby Training Football White
265052,Venom Fifa Quality Match Football
327153,Bayern Munich adidas Finale 9 Mini Ball
327285,Adidas 2010 FIFA World Cup Final Jo'bulani Replique Ball
327286,Brazil adidas 2010 FIFA World Cup Capitano Mini Ball
327287,Brazil adidas 2010 FIFA World Cup Capitano Ball
327288,Argentina adidas 2010 FIFA World Cup Capitano Mini Ball
327289,Argentina adidas 2010 FIFA World Cup Capitano Ball
327290,Mexico adidas 2010 FIFA World Cup Capitano Ball
327291,England adidas 2010 FIFA World Cup Capitano Ball
327293,France adidas 2010 FIFA World Cup Capitano Ball
327294,South Africa adidas 2010 FIFA World Cup Capitano Ball
327295,Italy adidas 2010 FIFA World Cup Capitano Mini Ball
327296,Italy adidas 2010 World Cup Capitano Ball
327297,Germany adidas 2010 FIFA World Cup Capitano Mini Ball
327298,Germany adidas 2010 FIFA World Cup Capitano Ball
334316,Mitre Ultimax
334317,Mitre Pro Max
334318,Mitre Max
334319,Mitre Monde
334320,Mitre Ultimatch
334321,Mitre Ultimatch Fluo
334322,Mitre Tactic Fluo
334323,Mitre Tactic
334325,Mitre X-treme
334326,Mitre Super Dimple
334328,Mitre Cyclone Indoor
334329,Mitre Samba Trainer
334738,Mitre Max Fluo
334739,Mitre Explorer
334740,Mitre Madrid
334741,Mitre Astro Division
335047,Mitre Tactic - 10 Pack
335048,Mitre Tactic - 30 Pack
335051,Mitre Malmo
335052,Mitre Malmo - 10 Pack
335053,Mitre Malmo - 30 Pack
335109,Precision Training MC2 Match/Training Ball
335110,Precision Training Contour Training Ball
335801,Mitre Mini Soccer
336263,Mitre Calcio Orange (2009)
336282,Diamond Pro Trainer
336283,Diamond Multi 5
336284,Diamond Indoor Ball
336285,Diamond Edge Match Ball
336286,Diamond Futsal
337490,Mitre Calcio - White
337491,Mitre Calcio - Yellow
337492,Mitre Calcio - Orange
337493,Mitre Calcio - White - 10 Pack
337494,Mitre Calcio - White - 30 Pack
337497,Mitre Calcio - Orange - 10 Pack
337498,Mitre Calcio - Orange - 30 Pack
337560,Nike England Supporter Ball (SC1757-167)
337591,Adidas World Cup 2010 England Football Mini (E42335)
337631,Nike England Skills Ball (SC1764-167)
407795,1966 World Cup Limited Edition Replica Ball - Size 5
422837,Derby Training Football Yellow
500343,Pro Max Professional Fifa Approved Football
500344,Max Professional Fifa Approved Football
500374,Midas 18 Panel Training Football
500383,Monde 18P Match Fifa Inspected Football
500533,Ultimatch Match Fifa Inspected Football White/Blue
504884,Mitre Cyclone Indoor Football
504955,Patrick PTX Football
506772,Nike Merlin Football
506773,Nike Merlin Football
507490,Celtic Crest Football
613649,Patrick PTX Football
712043,0.2 Premier Match Football
712044,0.2 Premier Light 325g Match Football
712045,0.2 Premier Ultra Light 290g Match Football
713292,Nike T90 Strike EPL Ball (SC1800-140)
716319,TCPS Lovell Soccer Stadium Training Football White/Pink
734868,Adidas F50 X-ite (V00721)
914012,Tiempo Team Training Football White
939944,Mercurial Veer Football White/Pink
1039891,Pendulum Ball
1039908,Sport-Thieme� Premium Football
1039909,Uhlsport� PT5 Themis Pro Football
1039917,Adidas� FIFA 2010 SHS Indoor Football
1039922,Derbystar Chicago TT Football
1039932,Derbystar Brillant S-light Football
1041107,Beach Soft Soccer
1041192,Sport-Thieme� Super 403 Football
1041501,Sport-Thieme� Super 2000 Air Mattress Football
1041507,Sport-Thieme� M. Collins Football
1041531,Indoor Football Test Package Set
1100021,Mitre Ultimatch Football
1111861,Nike T90 Strike Hi-Vis EPL (SC1851-751)
1111864,Nike Tiempo Technique (SC1626-401)
1222608,Sport-Thieme� King Light Youth's Football
1222649,Sport-Thieme� Supreme Football
1280616,Adidas Tango Pasadena Football
1282406,Patrick PTX Football
1285953,Mitre Alto
1334498,adidas Europa League Official Match Ball
1338914,UEFA Europa League Official Match Football 2010/11
1338916,UEFA Europa League Capitano Replica Football 2010/11
1352335,Low Bounce Competition Football
1435761,Pro Max Professional Fifa Approved Football
1435765,Monde Match Fifa Inspected Football
1436007,Jabulani FIFA World Cup 2010 Official Match Ball
1436072,Mercurial Veer Football White/Blk/Orange
1436100,T90 Luma X Match Football - Black/Orange
1436120,Venom Fifa Quality Match Football
1436121,Arrow Fifa Quality Match Football
1436122,Silky Match Football
1436167,Monde 18P Match Fifa Inspected Football
1436169,Ciero Match Football
1436184,Seria A 10/11 T90 Strike Football White/Blk/Pink
1436193,EPL 10/11 T90 Strike Match Football - White/Blue
1436202,Ultimatch Match Fifa Inspected Football White/Blue
1436224,0.2 Premier Match Football
1436225,0.2 Premier Light 325g Match Football
1436226,0.2 Premier Ultra Light 290g Match Football
1436257,Total 90 Tracer Premier League Match Football Hi Viz
1436265,Mercurial Veer Football White/Pink
1436350,Nike Premier League T90 Omni Match Ball Fluro Yellow
1436370,T90 Strike Football - White/Silver
1471161,Mitre Ace
1484744,T90 Serie A Pitch Football Neon Pink/Black/Silver
1496650,England v Slovakia Ltd Edition Official Match Football
1496652,England v Andora Ltd Edition Official Match Football
1496653,England v Slovenia Ltd Edition Official Match Football
1496655,England v Belarus Ltd Edition Official Match Football
1512642,Sport-Thieme� Training Football
1512652,Sport-Thieme� Floodlight Football
1512667,Sport-Thieme� Soccer Football
1512757,Indoor Football
1515920,MITRE Calcio 18P Football
1515921,MITRE Calcio Fluo Football
1515923,MITRE Cosmic 18P Football
1515925,MITRE Cyclone Indoor Football
1515938,MITRE Max 26P Football
1515940,MITRE Max Fluo 26P Football
1515942,MITRE Monde Football
1515952,MITRE Pro Max 26P Football
1515962,MITRE Super Dimple (White) Football
1515963,MITRE Super League Indoor Football
1515964,MITRE Tactic (White/Blue) Football
1515965,MITRE Tactic (White/Red) Football
1515966,MITRE Tactic Fluo Football
1515967,MITRE Ultimatch 18P Football
1515968,MITRE Ultimatch Fluo 18P Football
1515969,MITRE Ultimax 26P Football
1545468,Mitre Impel
1545469,Mitre Impel - 10 Pack
1545470,Mitre Impel - 30 Pack
1546919,England v Egypt Ltd Edition Official Match Football
1546920,England v Slovakia Ltd Edition Official Match Football
1546921,England v Ukraine Ltd Edition Official Match Football
1546922,England v Andora Ltd Edition Official Match Football
1546923,England v Slovenia Ltd Edition Official Match Football
1546924,England v Croatia Ltd Edition Official Match Football
1546925,England v Belarus Ltd Edition Official Match Football
1546946,Jabulani Top Replique 2010 World Cup Football
1548742,NIKE T90 Luma X Football
1548811,MITRE Malmo Football
1559943,MITRE Malmo Football
1560537,NIKE T90 Luma X Football
1575706,Finale London Official Champions League Match Football
1587332,Powercat 32 Panel Football White/Black/Lime
1600933,ADIDAS Finale London Capitano Football
1622240,adidas F50 Xite II Football
1651434,adidas Speedcell Official Match Ball
1835158,PRECISION TRAINING Vortex Match Ball
1835160,PRECISION TRAINING Vortex Training Ball
1835163,PRECISION TRAINING Indoor Football
1848002,UEFA Champions League Capitano Replica Football 2010/11
1854608,CR7 Sport Culture Match Football Black/Volt
1854609,CR7 Sport Culture Replica Football Black/Volt
1875963,Scotland Football
1875964,Celtic Football
1886328,PRECISION TRAINING Indoor Football
1886363,PRECISION TRAINING Vortex Match Ball
1886364,PRECISION TRAINING Vortex Training Ball
2155108,England Stealth Fifa Quality Official Match Football
2155110,Total 90 Aerow II Premier League Fifa Approved Match Football
2155111,0.8 Futsal Football
2184426,Seitiro 2011/12 Premier League Match Football
2184427,Seitiro 2011/12 Serie A Match Football
2184428,Seitiro 2011/12 La Liga Match Football
2219144,Nike T90 Strike Premier League Replica Football
2230245,adidas F50 SMU Football
2230246,Patrick PTX Football
2249189,T90 Premier Team FiFa Match Football
2249957,adidas Finale 11 Capitano Replica Football
2250573,EPL 11/12 T90 Strike Match Football - White/Blue/Orange
2250898,Nike Blaze Football
2250899,NIKE Strike English Premier League 2011/2012 Football
2251391,adidas F50 X-ITE Mini Football
2251392,Patrick Blade Football
2251393,Patrick Blade Football
2251394,Patrick Blade Football
2251396,adidas Chelsea Core Football
2251397,adidas Chelsea Finale 11 Capitano Replica Football
2258175,adidas adiPure Glider Football
2258176,adidas Finale 11 Top Training Replica Match Football
2264939,Nike Blaze Football
2264940,NIKE Strike English Premier League 2011/2012 Football
2268324,Wales Lenticular Football
2268325,Wales Glitter Mini Football
2268326,Northern Ireland Basic Football
2268327,Northern Ireland Lenticular Football
2268328,Northern Ireland Glitter Mini Football
2285104,Seitiro 2011/12 Premier League Match Football
2285145,England Neo Training Football
2285155,0.8 Futsal Football
2285186,Seitiro 2011/12 Serie A Match Football
2285187,Seitiro 2011/12 La Liga Match Football
2285202,Calcio 18 Panel Training Football White/Black
2285203,Intrepid 10 Panel Match Football White/Black/Blue
2285204,Radial 10 Panel Training Football White/Red
2285205,Futsal Cosmos 10 Panel Match Football White/Purple
2285229,Classique Football White/Black
2285247,Premier Team Fifa Match Football size 5 White/Gold
2285248,Club Team Match/Training Football White/Black
2285250,Tiempo Team Training Football Green
2285251,Tiempo Team Training Football Orange
2285276,Nike5 Futsal Rolinho Clube Match Football White/Red
2285277,T90 Lightweight 290g Football White/Red
2285278,T90 Lightweight 350g Football White/Blue
2285284,T90 Premier Team FiFa Match Football
2291130,Ace 32 Panel Training Football
2291131,Ultimax Professional Fifa Approved Football
2292282,Ultimax Professional Fifa Approved Football
2293835,King Force 6.11 Training Football
2301741,adidas F50 SMU Football
2311862,Nike T90 Pitch Football
2311863,adidas Finale 11 Capitano Replica Football
2322607,Nike Pitch Premier League Football
2322608,Nike T90 Skills Premier League 2011/2012 Mini Ball
2322609,Patrick PTX Football
2329141,Max 2011 Professional Fifa Approved Football
2355290,Max 2011 Professional Fifa Approved Football
2360863,Finale 11 Official Champions League Match Football
2376919,Max Professional Fifa Approved Football
2382975,Total 90 Catalyst Team Fifa Match Football
2383142,adidas Finale London UCL Official Match Ball
2388903,Total 90 Catalyst Team Fifa Match Football
2389996,MITRE Futebol De Salao Match Football
2391384,Tensile Professional Fifa Approved Match Football
2408948,Ultimatch Fluo Match Fifa Inspected Football Yellow/Blue
2409110,Nike Mercurial Skills Mini Football
2418992,adidas Speedcell Top Replique Ball
2419047,adidas Speedcell Replique Ball
2419048,adidas Speedcell Replique Ball
2435373,Tensile Professional Fifa Approved Match Football
2435469,Ultimatch Fluo Match Fifa Inspected Football Yellow/Blue
2437250,Max Fluo Professional Fifa Approved Football
2439607,Max Fluo Professional Fifa Approved Football
2442153,Nike Chrome Football
2503693,MITRE Calcio (White Football)
2665670,Manchester United Supporters Football
2665674,Finale 11 Sportivo Champions League Football
2665675,Finale 11 Capitano Champions League Football
2670601,Manchester United Supporters Football
2673399,ADIDAS F50 X-ite Football
2677179,ADIDAS F50 X-ite Football
2684938,NIKE Mercurial Fade Football
2684939,NIKE T90 Array Football
2873943,Mercurial Veer Football White/Teal/Purple
2873944,Total 90 Seeker Football White/Orange/Black
2967508,Mercurial Veer Football White/Teal/Purple
2967509,Total 90 Seeker Football White/Orange/Black
3056051,NIKE Strike English Premier League Hi-Vis 2011/2012 Football
3133413,EPL 11/12 T90 Hi Viz Strike Match Football - Yellow/Blue/Sky
3136951,EPL 11/12 T90 Hi Viz Strike Match Football - Yellow/Blue/Sky
