9833,Gray Nicolls Xiphos Destroyer Kashmir Willow Cricket Bat - H
9834,Gray Nicolls Evo Blaze Kashmir Willow Cricket Bat - SH
9836,Gray Nicolls Evo Blaze Kashmir Willow Cricket Bat - 6
9837,Gray Nicolls Evo Blaze Kashmir Willow Cricket Bat - 5
9885,Gray Nicolls Dual T20 - 500 Cricket Bat - SH
10241,Gray Nicolls Xiphos Carbo Cricket Bat - SH
10250,Gray Nicolls Xiphos Extreme Cricket Bat - SH
10251,Gray Nicolls Ignite 5 Star Cricket Bat - SH
10252,Gray Nicolls Powerbow Atomic Cricket Bat - SH
10254,Gray Nicolls Xiphos 4 Star Junior Cricket Bat - H
18460,Gray Nicolls Nitro Carbo Pre Prep Junior (Harrow) Cricket Bat
18471,Gray Nicolls Xiphos Destroyer Junior Cricket Bat
68935,GRAY-NICOLLS Nitro Carbo Pre Prep Junior (Harrow) Cricket Bat
68936,GRAY-NICOLLS Powerbow 3 Star Pre Prep Junior Cricket Bat
69014,GRAY-NICOLLS Technique Bat
69015,GRAY-NICOLLS Fielding Bat
70677,GRAY-NICOLLS Xiphos Atomic Cricket Bat
70678,GRAY-NICOLLS Xiphos Xtreme Cricket Bat
70679,GRAY-NICOLLS Xiphos Pro Performance Junior (Harrow) Cricket Bat
70683,GRAY-NICOLLS Nitro Carbo Pre Prep Junior (Size 5 &amp; 6) Cricket Bat
70685,GRAY-NICOLLS Xiphos Xtreme Junior Cricket Bat
70687,GRAY-NICOLLS Ignite Centurion Junior (Size 6 &amp; Harrow) Cricket Bat
70688,GRAY-NICOLLS Ignite Centurion Junior Cricket Bat
70690,GRAY-NICOLLS Xiphos Destroyer Junior Cricket Bat
72972,GRAY-NICOLLS Xiphos Pro Performance Cricket Bat
73641,GRAY-NICOLLS Evo Pro Performance Cricket Bat
73642,GRAY-NICOLLS Evo Atomic Cricket Bat
73643,GRAY-NICOLLS Evo Carbo Cricket Bat
73644,GRAY-NICOLLS Evo 5 Star Cricket Bat
73645,GRAY-NICOLLS Evo 4 Star Cricket Bat
73646,GRAY-NICOLLS Ignite Pro Performance Cricket Bat
73647,GRAY-NICOLLS Ignite Atomic Cricket Bat
73648,GRAY-NICOLLS Ignite Carbo Cricket Bat
73649,GRAY-NICOLLS Ignite 5 Star Cricket Bat
73650,GRAY-NICOLLS Ignite 4 Star Cricket Bat
73651,GRAY-NICOLLS Powerbow Pro Performance Cricket Bat
73652,GRAY-NICOLLS Powerbow Atomic Cricket Bat
73653,GRAY-NICOLLS Powerbow Carbo Cricket Bat
73655,GRAY-NICOLLS Powerbow 5 Star Cricket Bat
73657,GRAY-NICOLLS Powerbow 4 Star Cricket Bat
73659,GRAY-NICOLLS Nitro Pro Performance Cricket Bat
73660,GRAY-NICOLLS Nitro Atomic Cricket Bat
73662,GRAY-NICOLLS Nitro Carbo Cricket Bat
73663,GRAY-NICOLLS Nitro 5 Star Cricket Bat
73664,GRAY-NICOLLS Nitro 4 Star Cricket Bat
73665,GRAY-NICOLLS Nitro Powerblade Cricket Bat
73725,GRAY-NICOLLS Powerbow Enforcer Kashmir Willow Cricket Bat
73726,GRAY-NICOLLS Powerbow Enforcer Junior Kashmir Willow Cricket Bat
73727,GRAY-NICOLLS Xiphos 4 Star Junior Cricket Bat
74453,GRAY-NICOLLS Evo Extreme Cricket Bat
74454,GRAY-NICOLLS Evo Slayer Pro Performance Cricket Bat
74455,GRAY-NICOLLS Nitro Powerblade Junior Cricket Bat
74456,GRAY-NICOLLS Evo Slayer Junior Cricket Bat
74481,GRAY-NICOLLS Ignite Assassin Cricket Bat
74482,GRAY-NICOLLS Nitro Powerblade Junior (Harrow) Cricket Bat
74485,GRAY-NICOLLS Ignite Atomic Junior (Harrow) Cricket Bat
74486,GRAY-NICOLLS Ignite Atomic Junior Cricket Bat
74488,GRAY-NICOLLS Powerbow 5 Star Junior (Harrow) Cricket Bat
74489,GRAY-NICOLLS Powerbow 5 Star Junior Cricket Bat
338056,Gray-Nicolls Evo Carbo Cricket Bat
338057,Gray-Nicolls Evo 5 Star Cricket Bat
338058,Gray-Nicolls Evo 4 Star Cricket Bat
338060,Gray-Nicolls Evo Slayer Cricket Bat
338063,Gray-Nicolls Powerbow Carbo Cricket Bat
338064,Gray-Nicolls Powerbow 5 Star Cricket Bat
338065,Gray-Nicolls Powerbow 4 Star Cricket Bat
338068,Gray-Nicolls Nitro Carbo Cricket Bat
338069,Gray-Nicolls Nitro 5 Star Cricket Bat
338070,Gray-Nicolls Nitro 4 Star Cricket Bat
338071,Gray-Nicolls Nitro Powerblade Cricket Bat
338075,Gray-Nicolls Ignite 5 Star Cricket Bat
338076,Gray-Nicolls Ignite 4 Star Cricket Bat
338080,Gray-Nicolls Powerbow Enforcer Cricket Bat
338081,Gray-Nicolls Xiphos Destroyer Cricket Bat
338089,Gray-Nicolls Powerbow 5 Star Junior Cricket Bat
338090,Gray-Nicolls Powerbow 5 Star Junior Cricket Bat (6/5/4)
338093,Gray-Nicolls Nitro Powerblade Junior Cricket Bat
338094,Gray-Nicolls Evo Slayer Junior Cricket Bat
338096,***SALE*** Gray-Nicolls Xiphos Destroyer Junior Cricket Bat
338407,Gray-Nicolls Powerbow 3 Star Pre-Prep Junior (Sz Harrow)
338616,Gray-Nicolls Xiphos 5 Star Pre-Prep
338617,Gray-Nicolls Xiphos Xtreme Pre-Prep
338618,Gray-Nicolls Xiphos 4 Star Pre-Prep
422241,GRAY-NICOLLS Evo Pro Performance Junior (Harrow) Cricket Bat
422242,GRAY-NICOLLS Evo Pro Performance Junior Cricket Bat
505407,Gray-Nicolls Ignite 500 Cricket Bat
505408,Gray-Nicolls Nitro 300 Cricket Bat
505847,Gray-Nicolls Xiphos Destroyer KW Cricket Bat
505917,Gray-Nicolls Evo Blaze KW Cricket Bat (Junior)
505931,Gray-Nicolls Nitro Blaze KW Cricket Bat (Junior)
505932,Gray-Nicolls Xiphos Warrior EW Cricket Bat
505986,Gray-Nicolls Xiphos 4 Star EW Cricket Bat
505987,Gray-Nicolls PowerBow 4 Star Cricket Bat
505998,Gray Nicolls Evo 5 Star Cricket Bat
532752,GRAY-NICOLLS England Cricket Bat Cover
533122,GRAY-NICOLLS Nitro Powerblade Cricket Bat
533124,GRAY-NICOLLS Powerbow 3 Star Pre Prep Junior Cricket Bat
533138,Gray Nicolls Powerbow Accumulator Cricket Bat
533183,Gray Nicolls Powerbow Accumulator Junior Cricket Bat
533199,GRAY-NICOLLS Powerbow Carbo Cricket Bat
533213,GRAY-NICOLLS Evo 4 Star Cricket Bat
533228,Gray Nicolls Xiphos Accumulator Junior Cricket Bat
533230,Gray Nicolls Xiphos Shot Maker Junior Cricket Bat
533247,"GRAY-NICOLLS Xiphos Atomic Cricket Bat, Short Handle - Heavy Weight"
533248,"GRAY-NICOLLS Xiphos Atomic Cricket Bat, Short Handle - Light Weight"
533252,GRAY-NICOLLS Millenium Tornado Cricket Bat
533269,GRAY-NICOLLS Powerbow Enforcer Kashmir Willow Cricket Bat
533277,"GRAY-NICOLLS Xiphos Atomic Cricket Bat, Long Handle - Heavy Weight"
533316,GRAY-NICOLLS Ignite Pro Performance Cricket Bat
533317,GRAY-NICOLLS Nitro Carbo Cricket Bat
533318,GRAY-NICOLLS Ignite Carbo Cricket Bat
533319,GRAY-NICOLLS Nitro Pro Performance Cricket Bat
533320,GRAY-NICOLLS Ignite Atomic Cricket Bat
533323,GRAY-NICOLLS Nitro Atomic Cricket Bat
533325,GRAY-NICOLLS Evo Carbo Cricket Bat
533326,GRAY-NICOLLS Evo 5 Star Cricket Bat
533327,GRAY-NICOLLS Ignite 5 Star Cricket Bat
533330,GRAY-NICOLLS Ignite 4 Star Cricket Bat
533331,GRAY-NICOLLS Nitro 5 Star Cricket Bat
533355,GRAY-NICOLLS Nitro Carbo Pre Prep Junior (Harrow) Cricket Bat
533420,Gray-Nicolls Mens Evo Atomic Cricket Bat
533421,Gray-Nicolls Mens Powerbow Atomic Cricket Bat
533423,Gray-Nicolls Mens Powerbow 4 Star Cricket Bat
533457,Gray-Nicolls Boys Powerbow 5 Star Cricket Bat
533473,Gray-Nicolls Mens Evo Extreme Cricket Bat
665275,"Gray-Nicolls Xiphos Destroyer Cricket Bat, Size SH"
666042,"Gray-Nicolls Evo Slayer Cricket Bat, Size SH"
666043,"Gray-Nicolls Xiphos Warrior Cricket Bat, Size SH"
666044,"Gray-Nicolls Nitro 4 Star Cricket Bat, Size SH"
672559,Gray-Nicolls Cricket Bat Repair Kit
941531,Gray-Nicolls Ignite Slayer EW Cricket Bat
975552,Gray-Nicolls Evo Blaze Junior Cricket Bat
975562,Gray-Nicolls Nitro Powerblade Cricket Bat
1037045,Gray-Nicolls Ignite 500 Cricket Bat
1065314,Gray-Nicolls Mens Evo Slayer Cricket Bat
1065315,GRAY-NICOLLS Ignite Centurion Junior (Size 6 & Harrow) Cricket Bat
1065331,Gray Nicolls Evo Slayer Cricket Bat
1065345,Gray Nicolls Powerbow 3 Star Pre Prep Junior Cricket Bat
1065346,Gray Nicolls Powerbow Enforcer Kashmir Junior Cricket Bat
1065351,"GRAY-NICOLLS Xiphos Atomic Cricket Bat, Long Handle - Light Weight"
1065357,Gray Nicolls Evo Pro Performance Cricket Bat
1065359,Gray Nicolls Evo Atomic Cricket Bat
1065360,Gray Nicolls Xiphos 4 Star Cricket Bat
1065365,Gray Nicolls Viper 300 Cricket Bat
1065366,Gray Nicolls Viper Venom Pre Prep Junior Cricket Bat
1065367,Gray Nicolls Xiphos Carbo Cricket Bat
1065369,Gray Nicolls Xiphos 5 Star Cricket Bat
1065376,Gray Nicolls Xiphos Shot Maker Cricket Bat
1065377,Gray Nicolls Evo 4 Star Cricket Bat
1065380,Gray Nicolls Powerbow Pro Performance Cricket Bat
1065382,Gray Nicolls Ignite 5 Star Cricket Bat
1065383,Gray Nicolls Xiphos Destroyer Kashmir Junior Cricket Bat
1065388,Gray Nicolls Evo Carbo Cricket Bat
1065392,Gray Nicolls Scoop Cricket Bat
1065393,Gray Nicolls Viper Slayer Cricket Bat
1065394,Gray Nicolls Powerbow 5 Star Cricket Bat
1065396,Gray Nicolls Nitro Pro Performance Cricket Bat
1065400,GRAY-NICOLLS Xiphos Xtreme Cricket Bat
1065401,GRAY-NICOLLS Nitro 4 Star Cricket Bat
1065415,"GRAY-NICOLLS Xiphos Atomic Cricket Bat, Long Handle - Medium Weight"
1065416,"GRAY-NICOLLS Xiphos Destroyer Junior Cricket Bat, 6"
1065417,"GRAY-NICOLLS Xiphos Atomic Cricket Bat, Short Handle - Medium Weight"
1065418,"GRAY-NICOLLS Xiphos Pro Performance Junior (Harrow) Cricket Bat, Harrow"
1065424,GRAY-NICOLLS Xiphos Xtreme Junior Cricket Bat
1065425,GRAY-NICOLLS Nitro Carbo Pre Prep Junior (Size 5 & 6) Cricket Bat
1065426,GRAY-NICOLLS Ignite Centurion Junior Cricket Bat
1065432,GRAY-NICOLLS Xiphos 4 Star Junior Cricket Bat
1065435,Gray-Nicolls Mens Powerbow 5 Star Cricket Bat
1065437,The Gray-Nicolls Evo Five Star Cricket Bat
1065439,Gray Nicolls Nitro Accumulator Junior Cricket Bat
1065440,Gray Nicolls Nitro 4 Star Cricket Bat
1065522,Gray Nicolls Cricket Bat Oil
1065530,Gray-Nicolls Bat Repair Kit
1087345,GRAY-NICOLLS Evo Pro Performance Cricket Bat
1088229,GRAY-NICOLLS Powerbow Pro Performance Cricket Bat
1122735,Gray Nicolls Evo Blaze Kashmir Junior Cricket Bat (Harrow)
1186575,GRAY-NICOLLS Evo Blaze Junior Cricket Bat
1210468,Gray Nicolls 2011 Quantum Force Junior Cricket Bat
1210471,Gray Nicolls Nitro Powerblade Cricket Bat
1210474,Gray Nicolls 2011 Quantum Blaze Junior Cricket Bat
1210475,Gray Nicolls 2011 Kaboom Junior Cricket Bat
1210486,GRAY-NICOLLS Quantum 4 Star Adult Cricket Bat
1210487,GRAY-NICOLLS Evo Blaze Cricket Bat
1210572,GRAY-NICOLLS Evo Limited Edition Adult Cricket Bat
1210581,GRAY-NICOLLS Oblivion Limited Edition Adult Cricket Bat
1210582,GRAY-NICOLLS Evo Players Adult Cricket Bat
1210583,GRAY-NICOLLS Powerbow Extreme Adult Cricket Bat
1210584,GRAY-NICOLLS Nitro Limited Edition Adult Cricket Bat
1210585,GRAY-NICOLLS Nitro Players Adult Cricket Bat
1210586,Gray Nicolls 2011 Legend Junior Cricket Bat
1210587,GRAY-NICOLLS Oblivion 4 Star Adult Cricket Bat
1210588,GRAY-NICOLLS Quantum Limited Edition Adult Cricket Bat
1210589,Gray-Nicolls Legend Adult Cricket Bat
1210590,GRAY-NICOLLS Evo Slayer Adult Cricket Bat
1210591,GRAY-NICOLLS Edge Adult Cricket Bat
1210592,GRAY-NICOLLS Powerbow Limited Edition Adult Cricket Bat
1210593,GRAY-NICOLLS Oblivion 5 Star Adult Cricket Bat
1210594,GRAY-NICOLLS Powerbow 5 Star Adult Cricket Bat
1210595,GRAY-NICOLLS Powerbow 4 Star Adult Cricket Bat
1210596,GRAY-NICOLLS Oblivion Players Adult Cricket Bat
1210597,GRAY-NICOLLS Oblivion Extreme Pro Adult Cricket Bat
1210598,GRAY-NICOLLS Oblivion Carbo Adult Cricket Bat
1210599,GRAY-NICOLLS Quantum 5 Star Adult Cricket Bat
1210600,GRAY-NICOLLS Oblivion Strike Adult Cricket Bat
1210601,Gray Nicolls 2011 Evo Carbo Junior Cricket Bat
1210602,GRAY-NICOLLS Quantum Players Adult Cricket Bat
1210603,GRAY-NICOLLS Quantum Carbo Adult Cricket Bat
1210604,GRAY-NICOLLS Quantum Force Adult Cricket Bat
1210605,GRAY-NICOLLS Powerbow Storm Adult Cricket Bat
1210606,GRAY-NICOLLS Powerbow Players Adult Cricket Bat
1210607,GRAY-NICOLLS Kaboom Destroyer Junior Cricket Bat
1210608,GRAY-NICOLLS Oblivion Strikeforce Adult Cricket Bat
1210610,GRAY-NICOLLS Oblivion Strikeforce Junior Cricket Bat
1210611,GRAY-NICOLLS Kaboom Destroyer Adult Cricket Bat
1210612,GRAY-NICOLLS Quantum Blaze Adult Cricket Bat
1282111,GRAY-NICOLLS Powerbow Atomic Cricket Bat
1282456,Gray Nicolls Nitro Warrior Cricket Bat
1343770,Gray Nicolls 2011 Oblivion LE Junior Cricket Bat
1343771,Gray Nicolls Powerbow 5 Star Cricket Bat
1343773,Gray Nicolls Xiphos 4 Star P/P S/H Bat
1343777,GN Junior T20-500 Dual Cricket Bat Size 5
1343778,Gray Nicolls Super Bat Cover Black/Red
1475374,GRAY-NICOLLS Powerbow Enforcer Junior Cricket Bat
1475375,GRAY-NICOLLS Evo Blaze Adult Cricket Bat
1475376,Gray Nicolls Quantum Blaze Cricket Bat
1475389,GRAY-NICOLLS Nitro Carbo Adult Cricket Bat
1475390,GRAY-NICOLLS Powerbow Carbo Adult Cricket Bat
1475391,GRAY-NICOLLS Evo Carbo Adult Cricket Bat
1475392,GRAY-NICOLLS Nitro 4 Star Adult Cricket Bat
1475393,GRAY-NICOLLS Evo 5 Star Adult Cricket Bat
1475394,GRAY-NICOLLS Nitro 5 Star Adult Cricket Bat
1475395,GRAY-NICOLLS Nitro Powerblade Adult Cricket Bat
1514830,GRAY-NICOLLS Evo 4 Star Cricket Bat
1514832,GRAY-NICOLLS Evo Atomic Cricket Bat
1514834,GRAY-NICOLLS Evo Extreme Cricket Bat
1514836,GRAY-NICOLLS Evo Slayer Junior Cricket Bat
1514846,GRAY-NICOLLS Nitro Atomic Cricket Bat
1514847,GRAY-NICOLLS Nitro Powerblade Junior Cricket Bat
1514851,GRAY-NICOLLS Powerbow 5 Star Junior (Harrow) Cricket Bat
1514852,GRAY-NICOLLS Powerbow 5 Star Junior Cricket Bat
1514853,GRAY-NICOLLS Powerbow Atomic Cricket Bat
1514854,GRAY-NICOLLS Powerbow Atomic Cricket Bat
1514882,GRAY-NICOLLS Xiphos Xtreme Junior Cricket Bat
1545473,Gray-Nicolls Powerbow Enforcer Junior Cricket Bat
1545525,Gray-Nicolls Legend Cricket Bat
1545526,Gray-Nicolls Quantum Limited Edition Cricket Bat
1545527,Gray-Nicolls Quantum Players Cricket Bat
1545528,Gray-Nicolls Quantum Carbo Cricket Bat
1545529,Gray-Nicolls Quantum 5 Star Cricket Bat
1545530,Gray-Nicolls Quantum 4 Star Cricket Bat
1545531,Gray-Nicolls Quantum Force Cricket Bat
1545532,Gray-Nicolls Oblivion Limited Edition Cricket Bat
1545533,Gray-Nicolls Oblivion Players Cricket Bat
1545534,Gray-Nicolls Oblivion Extreme Pro Cricket Bat
1545535,Gray-Nicolls Oblivion Carbo Cricket Bat
1545536,Gray-Nicolls Oblivion 5 Star Cricket Bat
1545537,Gray-Nicolls Oblivion 4 Star Cricket Bat
1545538,Gray-Nicolls Oblivion Strike Cricket Bat
1545539,Gray-Nicolls Evo Limited Edition Cricket Bat
1545540,Gray-Nicolls Evo Players Cricket Bat
1545541,Gray-Nicolls Powerbow Limited Edition Cricket Bat
1545542,Gray-Nicolls Powerbow Players Cricket Bat
1545543,Gray-Nicolls Powerbow Extreme Cricket Bat
1545544,Gray-Nicolls Powerbow Storm Cricket Bat
1545545,Gray-Nicolls Nitro Limited Edition Cricket Bat
1545546,Gray-Nicolls Nitro Players Cricket Bat
1545547,Gray-Nicolls Kaboom Cricket Bat
1545548,Gray-Nicolls Edge Cricket Bat
1545549,Gray-Nicolls Legend Junior Cricket Bat
1545550,Gray-Nicolls Oblivion Limited Edition Junior Cricket Bat
1545551,Gray-Nicolls Evo Carbo Junior Cricket Bat
1545552,Gray-Nicolls Kaboom Junior Cricket Bat
1545553,Gray-Nicolls Quantum Force Junior Cricket Bat
1545554,Gray-Nicolls Oblivion Strikeforce Junior Cricket Bat (Harrow)
1545555,Gray-Nicolls Oblivion Strikeforce Junior Cricket Bat (6/5/4)
1545556,Gray-Nicolls Oblivion Strikeforce Cricket Bat
1545557,Gray-Nicolls Kaboom Destroyer Cricket Bat
1545558,Gray-Nicolls Kaboom Destroyer Junior Cricket Bat (5/6/H)
1545559,Gray-Nicolls Kaboom Destroyer Junior Cricket Bat (4/3/2/1)
1545560,Gray-Nicolls Quantum Blaze Cricket Bat
1545561,Gray-Nicolls Quantum Blaze Junior Cricket Bat (Harrow)
1545562,Gray-Nicolls Quantum Blaze Junior Cricket Bat (6/5)
1545563,Gray-Nicolls Quantum Blaze Junior Cricket Bat (4/3/2/1/0)
1550997,Gray-Nicolls Legend Adult Cricket Bat
1550998,GRAY-NICOLLS Legend Junior Cricket Bat
1551000,GRAY-NICOLLS Oblivion Limited Edition Adult Cricket Bat
1551002,GRAY-NICOLLS Oblivion Limited Edition Junior Cricket Bat
1551003,GRAY-NICOLLS Oblivion Players Adult Cricket Bat
1551004,GRAY-NICOLLS Oblivion Extreme Pro Adult Cricket Bat
1551005,GRAY-NICOLLS Oblivion Carbo Adult Cricket Bat
1551006,GRAY-NICOLLS Oblivion 5 Star Adult Cricket Bat
1551007,GRAY-NICOLLS Oblivion 4 Star Adult Cricket Bat
1551008,GRAY-NICOLLS Oblivion Strike Adult Cricket Bat
1551009,GRAY-NICOLLS Quantum Limited Edition Adult Cricket Bat
1551010,GRAY-NICOLLS Quantum Players Adult Cricket Bat
1551011,GRAY-NICOLLS Quantum Carbo Adult Cricket Bat
1551012,GRAY-NICOLLS Quantum 5 Star Adult Cricket Bat
1551013,GRAY-NICOLLS Quantum 4 Star Adult Cricket Bat
1551014,GRAY-NICOLLS Quantum Force Adult Cricket Bat
1551015,GRAY-NICOLLS Quantum Force Junior Cricket Bat
1551016,GRAY-NICOLLS Evo Limited Edition Adult Cricket Bat
1551017,GRAY-NICOLLS Evo Players Adult Cricket Bat
1551018,GRAY-NICOLLS Evo Carbo Adult Cricket Bat
1551019,GRAY-NICOLLS Evo Carbo Junior Cricket Bat
1551022,GRAY-NICOLLS Evo 5 Star Adult Cricket Bat
1551024,GRAY-NICOLLS Evo 4 Star Adult Cricket Bat
1551025,GRAY-NICOLLS Evo Slayer Adult Cricket Bat
1551027,GRAY-NICOLLS Evo Slayer Junior Cricket Bat
1551030,GRAY-NICOLLS Powerbow Limited Edition Adult Cricket Bat
1551031,GRAY-NICOLLS Powerbow Players Adult Cricket Bat
1551033,GRAY-NICOLLS Powerbow Carbo Adult Cricket Bat
1551034,GRAY-NICOLLS Powerbow 5 Star Adult Cricket Bat
1551035,GRAY-NICOLLS Powerbow 5 Star Junior Cricket Bat
1551036,GRAY-NICOLLS Powerbow 4 Star Adult Cricket Bat
1551037,GRAY-NICOLLS Powerbow Extreme Adult Cricket Bat
1551039,GRAY-NICOLLS Powerbow Storm Adult Cricket Bat
1551042,GRAY-NICOLLS Nitro Limited Edition Adult Cricket Bat
1551043,GRAY-NICOLLS Nitro Players Adult Cricket Bat
1551044,GRAY-NICOLLS Nitro Carbo Adult Cricket Bat
1551045,GRAY-NICOLLS Nitro 5 Star Adult Cricket Bat
1551046,GRAY-NICOLLS Nitro 4 Star Adult Cricket Bat
1551047,GRAY-NICOLLS Nitro Powerblade Adult Cricket Bat
1551048,GRAY-NICOLLS Nitro Powerblade Junior Cricket Bat
1551049,GRAY-NICOLLS Kaboom Adult Cricket Bat
1551050,GRAY-NICOLLS Kaboom Junior Cricket Bat
1551051,GRAY-NICOLLS Edge Adult Cricket Bat
1551073,GRAY-NICOLLS Oblivion Strikeforce Adult Cricket Bat
1551074,GRAY-NICOLLS Oblivion Strikeforce Junior Cricket Bat
1551075,GRAY-NICOLLS Powerbow Enforcer Junior Cricket Bat
1551076,GRAY-NICOLLS Kaboom Destroyer Adult Cricket Bat
1551077,GRAY-NICOLLS Kaboom Destroyer Junior Cricket Bat
1551080,GRAY-NICOLLS Quantum Blaze Adult Cricket Bat
1551081,GRAY-NICOLLS Quantum Blaze Junior Cricket Bat
1551082,GRAY-NICOLLS Evo Blaze Adult Cricket Bat
1551083,GRAY-NICOLLS Evo Blaze Junior Cricket Bat
1558624,GRAY-NICOLLS Edge Adult Cricket Bat
1558630,GRAY-NICOLLS Evo 4 Star Adult Cricket Bat
1558631,GRAY-NICOLLS Evo 5 Star Adult Cricket Bat
1558634,GRAY-NICOLLS Evo Blaze Adult Cricket Bat
1558635,GRAY-NICOLLS Evo Blaze Junior Cricket Bat
1558636,GRAY-NICOLLS Evo Carbo Adult Cricket Bat
1558637,GRAY-NICOLLS Evo Carbo Junior Cricket Bat
1558638,GRAY-NICOLLS Evo Limited Edition Adult Cricket Bat
1558639,GRAY-NICOLLS Evo Players Adult Cricket Bat
1558640,GRAY-NICOLLS Evo Slayer Adult Cricket Bat
1558641,GRAY-NICOLLS Evo Slayer Junior Cricket Bat
1558655,GRAY-NICOLLS Kaboom Adult Cricket Bat
1558656,GRAY-NICOLLS Kaboom Destroyer Adult Cricket Bat
1558657,GRAY-NICOLLS Kaboom Destroyer Junior Cricket Bat
1558658,GRAY-NICOLLS Kaboom Junior Cricket Bat
1558659,Gray-Nicolls Legend Adult Cricket Bat
1558663,GRAY-NICOLLS Legend Junior Cricket Bat
1558664,GRAY-NICOLLS Nitro 4 Star Adult Cricket Bat
1558665,GRAY-NICOLLS Nitro 5 Star Adult Cricket Bat
1558668,GRAY-NICOLLS Nitro Carbo Adult Cricket Bat
1558670,GRAY-NICOLLS Nitro Limited Edition Adult Cricket Bat
1558671,GRAY-NICOLLS Nitro Players Adult Cricket Bat
1558674,GRAY-NICOLLS Nitro Powerblade Adult Cricket Bat
1558675,GRAY-NICOLLS Nitro Powerblade Junior Cricket Bat
1558676,GRAY-NICOLLS Oblivion 4 Star Adult Cricket Bat
1558679,GRAY-NICOLLS Oblivion 5 Star Adult Cricket Bat
1558680,GRAY-NICOLLS Oblivion Carbo Adult Cricket Bat
1558681,GRAY-NICOLLS Oblivion Extreme Pro Adult Cricket Bat
1558682,GRAY-NICOLLS Oblivion Limited Edition Adult Cricket Bat
1558683,GRAY-NICOLLS Oblivion Limited Edition Junior Cricket Bat
1558684,GRAY-NICOLLS Oblivion Players Adult Cricket Bat
1558685,GRAY-NICOLLS Oblivion Strike Adult Cricket Bat
1558686,GRAY-NICOLLS Oblivion Strikeforce Adult Cricket Bat
1558687,GRAY-NICOLLS Oblivion Strikeforce Junior Cricket Bat
1558697,GRAY-NICOLLS Powerbow 4 Star Adult Cricket Bat
1558698,GRAY-NICOLLS Powerbow 5 Star Adult Cricket Bat
1558700,GRAY-NICOLLS Powerbow 5 Star Junior Cricket Bat
1558703,GRAY-NICOLLS Powerbow Carbo Adult Cricket Bat
1558704,GRAY-NICOLLS Powerbow Enforcer Junior Cricket Bat
1558705,GRAY-NICOLLS Powerbow Extreme Adult Cricket Bat
1558706,GRAY-NICOLLS Powerbow Limited Edition Adult Cricket Bat
1558707,GRAY-NICOLLS Powerbow Players Adult Cricket Bat
1558708,GRAY-NICOLLS Powerbow Storm Adult Cricket Bat
1558714,GRAY-NICOLLS Quantum 4 Star Adult Cricket Bat
1558715,GRAY-NICOLLS Quantum 5 Star Adult Cricket Bat
1558718,GRAY-NICOLLS Quantum Blaze Adult Cricket Bat
1558719,GRAY-NICOLLS Quantum Blaze Junior Cricket Bat
1558720,GRAY-NICOLLS Quantum Carbo Adult Cricket Bat
1558721,GRAY-NICOLLS Quantum Force Adult Cricket Bat
1558722,GRAY-NICOLLS Quantum Force Junior Cricket Bat
1558723,GRAY-NICOLLS Quantum Limited Edition Adult Cricket Bat
1558724,GRAY-NICOLLS Quantum Players Adult Cricket Bat
1574246,GRAY-NICOLLS Powerbow Enforcer Adult Cricket Bat
1575225,GRAY-NICOLLS Cloud Catcher Training Bat
1575251,GRAY-NICOLLS Powerbow Enforcer Adult Cricket Bat
1576450,GRAY-NICOLLS Cloud Catcher Training Bat
1602191,Gray-Nicolls Evo Blaze Kashmir Cricket Bat
1615206,GRAY-NICOLLS Powerbow Enforcer Adult Cricket Bat
1615460,GRAY-NICOLLS Fibretech Bat Facing Sheet
1615512,GRAY-NICOLLS Protect-Toe
1615513,GRAY-NICOLLS Bat Conditioning Kit
1615543,GRAY-NICOLLS Cricket Super Bat Cover
1615552,Gray Nicolls 2011 Nitro LE Cricket Bat
1615573,Gray Nicolls 2011 Quantum Carbo PP Cricket Bat
1615574,Gray Nicolls 2011 Quantum Force PP Cricket Bat
1615604,Gray Nicolls 2011 Oblivion LE Cricket Bat
1615607,Gray Nicolls 2011 Oblivion Carbo Cricket Bat
1615614,Gray Nicolls 2011 Powerbow Carbo PP Cricket Bat
1615629,Gray Nicolls 2011 Quantum Players PP Cricket Bat
1615632,Gray Nicolls 2011 Oblivion Players PP Cricket Bat
1615636,Gray Nicolls 2011 Oblivion Strike PP Cricket Bat
1615638,Gray Nicolls 2011 Evo Players PP Cricket Bat
1615643,Gray Nicolls 2011 Evo 5 Star PP Cricket Bat
1615644,Gray Nicolls 2011 Evo Slayer PP Cricket Bat
1615649,Gray Nicolls 2011 Powerbow Players PP Cricket Bat
1615654,Gray Nicolls 2011 Powerbow 5 Star PP Cricket Bat
1615657,Gray Nicolls 2011 Powerbow 4 Star PP Cricket Bat
1615661,Gray Nicolls 2011 Nitro 5 Star PP Cricket Bat
1615662,Gray Nicolls 2011 Nitro 4 Star PP Cricket Bat
1615664,Gray Nicolls 2011 Nitro Powerblade PP Cricket Bat
1615665,Gray Nicolls 2011 Kaboom Cricket Bat
1615690,Gray Nicolls 2011 Legend Cricket Bat
1615695,Gray Nicolls 2011 Quantum 5 Star PP Cricket Bat
1615698,Gray Nicolls 2011 Quantum 4 Star PP Cricket Bat
1615710,Gray Nicolls 2011 Oblivion 4 Star PP Cricket Bat
1615750,Gray Nicolls 2011 All in One Bat Cover
1615769,Gray-Nicolls Bat Repair Kit
1615859,GRAY-NICOLLS Coil Cricket Grip
1615860,GRAY-NICOLLS Eye Cricket Grip
1615868,GRAY-NICOLLS Chevron Cricket Grip
1615869,GRAY-NICOLLS Octopus Cricket Grip
1615870,GRAY-NICOLLS Pyramid Cricket Grip
1620460,Gray-Nicolls Evo Blaze Kashmir Willow Cricket Bat
1620461,Gray-Nicolls Quantum English Willow Junior Cricket Bat
1620466,"Gray-Nicolls Nitro Powerblade English Willow Adult Cricket Bat, Size SH"
1620467,"Gray-Nicolls Oblivion Strikeforce Kashmir Adult Cricket Bat, Size SH"
1636313,Gray Nicolls Viper Slayer Cricket Bat
1636314,Gray Nicolls Xiphos Destroyer Kashmir Junior Cricket Bat
1636319,Gray Nicolls Ignite Atomic Cricket Bat
1639734,Gray Nicolls Oblivion Strike EW Cricket Bat SH
1733148,GRAY-NICOLLS Powerbow Atomic Cricket Bat
1831101,"GRAY-NICOLLS Powerbow Atomic Cricket Bat, Short Handle - Medium Weight"
1831102,"GRAY-NICOLLS Xiphos Xtreme Junior Cricket Bat, 6"
1831127,GRAY-NICOLLS Evo 4 Star Cricket Bat
1836723,Gray-Nicolls Oblivion 5 Star EW Cricket Bat SH
1836724,Gray-Nicolls Quantum 4 Star Cricket Bat SH
1836725,Gray-Nicolls PowerBow Storm Cricket Bat SH
1836726,Gray-Nicolls Quantum Force Cricket Bat SH
1836727,Gray-Nicolls Oblivion StrikeForce KW Cricket Bat SH
1849259,GRAY-NICOLLS Xiphos Xtreme Junior Cricket Bat
1891901,Gray Nicolls 2011 Powerbow 5 Star PP Cricket Bat
2160310,GRAY NICOLLS Kwik Cricket Medium Bat
2160311,GRAY NICOLLS Kwik Cricket Small Bat
2160312,GRAY NICOLLS Kwik Cricket Kinder Bat
2174731,Oblivion Limited Edition Adult Cricket Bat
2174732,Quantum Carbo Adult Cricket Bat
2174733,Evo Slayer Adult Cricket Bat
2174747,Kaboom Destroyer Junior Cricket Bat
2181906,GRAY NICOLLS Kwik Cricket Kinder Bat
2181910,GRAY NICOLLS Kwik Cricket Medium Bat
2181916,GRAY NICOLLS Kwik Cricket Small Bat
2182804,Gray Nicolls Quantum Storm KW Cricket Bat
2307753,Evo Limited Edition Adult Cricket Bat
2307755,Evo Blaze Junior Cricket Bat
2366285,Oblivion Limited Edition Adult Cricket Bat
2366286,Quantum Carbo Adult Cricket Bat
2366287,Evo Limited Edition Adult Cricket Bat
2366288,Evo Slayer Adult Cricket Bat
2366298,Evo Blaze Junior Cricket Bat
2441731,GRAY-NICOLLS Nitro Atomic Pre-Prep Cricket Bat
2441738,GRAY-NICOLLS Xiphos Carbo Cricket Bat
2441739,GRAY-NICOLLS Xiphos 5 Star Cricket Bat
2833362,"Quantum Carbo Adult Cricket Bat, Gray"
2833363,Evo Slayer Adult Cricket Bat
2833380,Evo Blaze Junior Cricket Bat
2962845,"Oblivion Limited Edition Adult Cricket Bat, Gray"
2962846,"Evo Limited Edition Adult Cricket Bat, White"
3011828,Gray Evo Carbo Cricket Bat
3011852,Gray-Nicolls Xiphos Destoyer Cricket Bat (Size 4)
3011865,Gray-Nicolls Dual T20 Cricket Bat (Size 5)
