66380,Shimano Alfine 8-Speed Disc Hub without Fittings
287798,Shimano Deore Rear Disc Hub M595
33950,Shimano XTR M975 Front Disc Hub
2464035,"Shimano M595 Deore rear hub for Centre-Lock disc 36 hole, silver (Silver, 36 hole, Centre-Lock)"
286348,Shimano XT Disc Hub Front 15mm M778
34138,Shimano M770 XT Front Hub
2463985,"Shimano HB-M525 Deore disc front hub, black 32 hole (Black, 32 hole, 6-bolt)"
283597,Shimano Deore Disc Hub Rear M525
2695675,Shimano XT M775 32 Hole 135mm Black Rear Hub
2464010,"Shimano HB-M810 Saint front hub with Centre-Lock disc mount, 20 x 110 mm 36 hole (Black, 36 hole, Centre-Lock)"
287797,Shimano SLX Rear Disc Hub M529
2695674,Shimano XT M775 32 Hole Centre Lock Q/R Black Front Disc Hub
2463952,"Shimano FH-M756 XT disc 6-bolt Freehub, 32 hole silver (Silver, 32 hole, 6-bolt)"
58134,Shimano XTR M975 Centre Lock Front Hub
1961931,Shimano XT Front Hub T780
2463962,"Shimano FH-M815 Saint Freehub 32 hole 12 mm bolt-thru 135 mm O.L.D. (Black, 32 hole, Centre-Lock)"
2216625,Shimano XT M788 Centre-Lock (15mm Thru) Front Hub
286349,Shimano XT Disc Hub Front 15mm M758
2463959,"Shimano FH-M775 XT disc Centre-Lock Freehub, 36 hole black (Black, 36 hole, Centre-Lock)"
35029,Shimano XT M756 Freehub 6 Bolt Disc
1961902,Shimano XT Disc Rear Hub M788
2463999,"Shimano HB-M758 XT front hub with 6-bolt disc mount, 15 x 100 mm 36 hole (Black, 36 hole, 6-bolt)"
37065,Shimano M590 Deore Front Hub for Rim Brake
287352,Shimano XT Disc Hub Front M756
2464034,"Shimano M595 Deore rear hub for Centre-Lock disc 36 hole, black (Black, 36 hole, Centre-Lock)"
37064,Shimano M595 Deore Front Hub for Centre-Lock Disc
1961903,Shimano XT Disc Rear Hub M785
2464000,"Shimano HB-M770 XT front hub - rim brake 32 hole silver (Silver, 32 Hole)"
35053,Shimano SLX M665 Front Hub
620159,Shimano XTR Trail Disc Hub Front 15mm M988
2464005,"Shimano HB-M776 XT front hub with Centre-Lock disc mount, 20 x 110 mm 32 hole (Black, 32 hole, Centre-Lock)"
33702,Shimano Deore Centre Lock Front Hub
620160,Shimano XTR Race Disc Hub Front QR M985
2464015,"Shimano HB-M988 XTR front hub with Centre-Lock disc mount, 15 x 100 mm, 32 hole (Grey, 32 hole, Centre-Lock)"
33954,Shimano XTR M976 Front Hub
280997,Shimano Saint Rear Hub M815
2463994,"Shimano HB-M756 XT disc front hub 6-bolt 32 hole black (Black, 32 hole, 6-bolt)"
60130,Shimano SLX M667 Centre Lock (20mm Thru) Front Hub
284688,Shimano Alfine 8 Speed Centre Lock Rear Hub S500
2463958,"Shimano FH-M775 XT disc Centre-Lock Freehub, 32 hole silver (Silver, 32 hole, Centre-Lock)"
37063,Shimano M590 Deore Rear Hub for Rim Brake
287801,Shimano SLX Front Disc Hub 15mm M668
2464085,"Shimano DH-T665 LX 6v 3.0w quick release dynamo front Centre Lock disc hub - 32h (Silver, 32 Hole)"
2216626,Shimano XT M785 Centre-Lock QR Front Hub
620164,Shimano XTR Race Disc Hub Rear 135mm QR M985
2463970,"Shimano FH-MX71 DXR Freehub, 36 hole 112 mm silver (Polished, 36 Hole)"
58144,Shimano Deore M525 Disc Front Hub
282516,Shimano XTR Disc Hub Front 15mm M978
2464023,"Shimano M590 Deore front hub 36 hole, silver (Silver, 36 Hole)"
58143,Shimano Deore M525 9 Speed Disc Rear Hub
276822,Shimano XTR Disc Hub Front 20mm M976
2463987,"Shimano HB-M525 Deore disc front hub, silver 32 hole (Silver, 32 hole, 6-bolt)"
2211405,Shimano XT M788 Centre-Lock (12mm Thru) Rear Hub
281198,Shimano SLX Front Hub M665
2464016,"Shimano HB-MX71 DXR front hub, 32 hole silver (Polished, 32 Hole)"
58148,Shimano XT M770 Front Hub
287802,Shimano Deore Front Disc Hub M595
2463971,"Shimano FH-T660 LX Freehub, 32 hole (Silver, 32 Hole)"
421141,Shimano Alfine Cassette Joint and Fitting Kit
297553,Shimano LX Front M585 C-Lock
2463998,"Shimano HB-M758 XT front hub with 6-bolt disc mount, 15 x 100 mm 32 hole (Black, 32 hole, 6-bolt)"
58135,Shimano XT M756 Disc Rear Hub
1961904,Shimano XT Front Disc Hub M788
2464012,"Shimano HB-M976 XTR front hub with Centre-Lock disc mount, 20 x 110 mm 32 hole (Grey, 32 hole, Centre-Lock)"
58137,Shimano XTR M975 Centre Lock Rear Hub
287916,Shimano Nexus Coaster Rear Hub 3 Speed
2463969,"Shimano FH-MX71 DXR Freehub, 32 hole 112 mm silver (Polished, 32 Hole)"
60129,Shimano Saint M810 (20mm Thru Axle - Standard) Front Hubs
286352,Shimano Disc Hub Front M475
2464033,"Shimano M595 Deore rear hub for Centre-Lock disc 32 hole, silver (Silver, 32 hole, Centre-Lock)"
35052,Shimano SLX M665 Rear Freehub
620163,Shimano XTR Trail Disc Hub Rear 142x12mm M988
2464020,"Shimano M590 Deore front hub 32 hole, black (Black, 32 Hole)"
58145,Shimano XT M756 Disc Front Hub
287803,Shimano Deore Front Hub M590
2463992,"Shimano HB-M667 SLX front hub with Centre-Lock disc mount, 20 x 110 mm 36 hole (Metallic Grey, 36 hole, Centre-Lock)"
421140,Shimano Alfine 11-Speed Disc Hub without Fittings
281197,Shimano SLX Rear Hub M665
2463965,"Shimano FH-M815 Saint Freehub 36 hole 12 mm bolt-thru 135 mm O.L.D. (Black, 36 hole, Centre-Lock)"
1285356,Shimano XTR M985 Centre-Lock Front Hub
282034,Shimano SLX 20mm Front Hub M667
2463953,"Shimano FH-M756 XT disc 6-bolt Freehub, 36 hole black (Black, 36 hole, 6-bolt)"
37062,Shimano M595 Deore Rear Hub for Centre-Lock Disc
287799,Shimano Deore Rear Hub M590
2463949,"Shimano FH-M665 SLX Freehub with Centre-Lock disc mount, 32 hole (Metallic Grey, 32 hole, Centre-Lock)"
2211406,Shimano XT M785 Centre-Lock QR Rear Hub
1961905,Shimano XT Front Disc Hub M785
2463991,"Shimano HB-M667 SLX front hub with Centre-Lock disc mount, 20 x 110 mm 32 hole (Metallic Grey, 32 hole, Centre-Lock)"
2463964,"Shimano FH-M815 Saint Freehub 36 hole 10 mm bolt-thru 135 mm O.L.D. (Black, 36 hole, Centre-Lock)"
287796,Shimano SLX Rear Disc Hub M629
2464022,"Shimano M590 Deore front hub 36 hole, black (Black, 36 Hole)"
2463972,"Shimano FH-T660 LX Freehub, 36 hole (Silver, 36 Hole)"
283587,Shimano Deore Disc Hub Front M525
2464006,"Shimano HB-M776 XT front hub with Centre-Lock disc mount, 20 x 110 mm 36 hole (Black, 36 hole, Centre-Lock)"
2464009,"Shimano HB-M810 Saint front hub with Centre-Lock disc mount, 20 x 110 mm 32 hole (Black, 32 hole, Centre-Lock)"
282844,Shimano Saint Front Hub 20mm M810
2463986,"Shimano HB-M525 Deore disc front hub, black 36 hole (Black, 36 hole, 6-bolt)"
2463955,"Shimano FH-M770 XT Freehub, 32 hole silver (Silver / Black, 32 Hole)"
278666,Shimano XT Disc Hub Front 20mm M776
2464025,"Shimano M590 Deore rear hub 32 hole, silver (Silver, 32 Hole)"
2463961,"Shimano FH-M815 Saint Freehub 32 hole 10 mm bolt-thru 135 mm O.L.D. (Black, 32 hole, Centre-Lock)"
287804,Shimano SLX Front Disc Hub M629
2463960,"Shimano FH-M775 XT disc Centre-Lock Freehub, 36 hole silver (Silver, 36 hole, Centre-Lock)"
2464008,"Shimano HB-M778 XT front hub with Centre-Lock disc mount, 15 x 100 mm 36 hole (Black, 36 hole, Centre-Lock)"
287358,Shimano XT Disc Hub Rear M756
2464019,"Shimano HB-T660 LX front hub, 36 hole (Silver, 36 Hole)"
2463945,"Shimano FH-M525 Deore disc 6-bolt Freehub, 32 hole black (Black, 32 hole, 6-bolt)"
280998,Shimano Saint Rear Hub M810
2464001,"Shimano HB-M770 XT front hub - rim brake 36 hole silver (Silver, 36 Hole)"
2464029,"Shimano M595 Deore front hub for Centre-Lock disc 32 hole, silver (Silver, 32 hole, Centre-Lock)"
1961928,Shimano XT Rear Hub T780
2464002,"Shimano HB-M775 XT disc front hub - Centre-Lock 32 hole black (Black, 32 hole, Centre-Lock)"
2463951,"Shimano FH-M756 XT disc 6-bolt Freehub, 32 hole black (Black, 32 hole, 6-bolt)"
287805,Shimano SLX Front Disc Hub M529
2464027,"Shimano M590 Deore rear hub 36 hole, silver (Silver, 36 Hole)"
2463968,"Shimano FH-M988 XTR Freehub with Centre-Lock disc mount, 12 mm thru-axle, 32 hole (Black, 32 hole, Centre-Lock)"
286346,Shimano Disc Hub Rear M475
2463948,"Shimano FH-M525 Deore disc 6-bolt Freehub, 36 hole silver (Silver, 36 hole, 6-bolt)"
2464084,"Shimano DH-T665 LX 6v 3.0w quick release dynamo front Centre Lock disc hub - 36h (Silver, 36 Hole)"
2464003,"Shimano HB-M775 XT disc front hub - Centre-Lock 32 hole silver (Silver, 32 hole, Centre-Lock)"
2463966,"Shimano FH-M815 Saint Freehub 36 hole 12 mm bolt-thru 150 mm O.L.D. (Black, 36 hole, Centre-Lock)"
2463963,"Shimano FH-M815 Saint Freehub 32 hole 12 mm bolt-thru 150 mm O.L.D. (Black, 32 hole, Centre-Lock)"
2464026,"Shimano M590 Deore rear hub 36 hole, black (Black, 36 Hole)"
2463950,"Shimano FH-M665 SLX Freehub with Centre-Lock disc mount, 36 hole (Metallic Grey, 36 hole, Centre-Lock)"
2464017,"Shimano HB-MX71 DXR front hub, 36 hole silver (Polished, 36 Hole)"
2463989,"Shimano HB-M665 SLX front hub with Centre-Lock disc mount, 32 hole (Metallic Grey, 32 hole, Centre-Lock)"
2463990,"Shimano HB-M665 SLX front hub with Centre-Lock disc mount, 36 hole (Metallic Grey, 36 hole, Centre-Lock)"
2464013,"Shimano HB-M978 XTR front hub with Centre-Lock disc mount, 15 x 100 mm 32 hole (Grey, 32 hole, Centre-Lock)"
2464018,"Shimano HB-T660 LX front hub, 32 hole (Silver, 32 Hole)"
2463956,"Shimano FH-M770 XT Freehub, 36 hole silver (Silver / Black, 36 Hole)"
2464004,"Shimano HB-M775 XT disc front hub - Centre-Lock 36 hole black (Black, 36 hole, Centre-Lock)"
2464014,"Shimano HB-M985 XTR front hub with Centre-Lock disc mount, 32 hole (Grey, 32 hole, Centre-Lock)"
2463954,"Shimano FH-M756 XT disc 6-bolt Freehub, 36 hole silver (Silver, 36 hole, 6-bolt)"
2463997,"Shimano HB-M756 XT disc front hub 6-bolt 36 hole silver (Silver, 36 hole, 6-bolt)"
2463957,"Shimano FH-M775 XT disc Centre-Lock Freehub, 32 hole black (Black, 32 hole, Centre-Lock)"
2464007,"Shimano HB-M778 XT front hub with Centre-Lock disc mount, 15 x 100 mm 32 hole (Black, 32 hole, Centre-Lock)"
2464031,"Shimano M595 Deore front hub for Centre-Lock disc 36 hole, silver (Silver, 36 hole, Centre-Lock)"
2463996,"Shimano HB-M756 XT disc front hub 6-bolt 36 hole black (Black, 36 hole, 6-bolt)"
2463947,"Shimano FH-M525 Deore disc 6-bolt Freehub, 36 hole black (Black, 36 hole, 6-bolt)"
2463967,"Shimano FH-M985 XTR Freehub with Centre-Lock disc mount, 32 hole (Black, 32 hole, Centre-Lock)"
2463946,"Shimano FH-M525 Deore disc 6-bolt Freehub, 32 hole silver (Silver, 32 hole, 6-bolt)"
2464011,"Shimano HB-M975 XTR front hub with Centre-Lock disc mount, 36 hole (Silver / Grey, 36 hole, Centre-Lock)"
2464028,"Shimano M595 Deore front hub for Centre-Lock disc 32 hole, black (Black, 32 hole, Centre-Lock)"
2463995,"Shimano HB-M756 XT disc front hub 6-bolt 32 hole silver (Silver, 32 hole, 6-bolt)"
2464024,"Shimano M590 Deore rear hub 32 hole, black (Black, 32 Hole)"
2464030,"Shimano M595 Deore front hub for Centre-Lock disc 36 hole, black (Black, 36 hole, Centre-Lock)"
2463993,"Shimano HB-M668 SLX front hub for Centre-Lock disc, 15 x 100 mm 32 hole (Black, 32 hole, Centre-Lock)"
2464021,"Shimano M590 Deore front hub 32 hole, silver (Silver, 32 Hole)"
2464032,"Shimano M595 Deore rear hub for Centre-Lock disc 32 hole, black (Black, 32 hole, Centre-Lock)"
2463988,"Shimano HB-M525 Deore disc front hub, silver 36 hole (Silver, 36 hole, 6-bolt)"
