35486,Polar G1 GPS Sensor,http://tribesports.com/products/electronics/gps-devices/cycling-gps/35486-polar-g1-gps-sensor
36022,Polar G3 GPS Sensor,http://tribesports.com/products/electronics/gps-devices/cycling-gps/36022-polar-g3-gps-sensor
38031,Memory-Map Adventurer 2800 GPS,http://tribesports.com/products/electronics/gps-devices/cycling-gps/38031-memory-map-adventurer-2800-gps
38636,Garmin Edge 500 GPS Enabled Computer with Cadence Sensor and HR Monitor,http://tribesports.com/products/electronics/gps-devices/cycling-gps/38636-garmin-edge-500-gps-enabled-computer-with-cadence-sensor-and-hr-monitor
57810,Garmin Edge 305 GPS with Heart Rate or Cadence Sensor,http://tribesports.com/products/electronics/gps-devices/cycling-gps/57810-garmin-edge-305-gps-with-heart-rate-or-cadence-sensor
64310,Garmin Edge 500 Blue GPS Cycle Computer,http://tribesports.com/products/electronics/gps-devices/cycling-gps/64310-garmin-edge-500-blue-gps-cycle-computer
275541,Garmin Edge 500 Black GPS Cycle Computer,http://tribesports.com/products/electronics/gps-devices/cycling-gps/275541-garmin-edge-500-black-gps-cycle-computer
289787,Garmin Edge 500 Blue GPS Computer,http://tribesports.com/products/electronics/gps-devices/cycling-gps/289787-garmin-edge-500-blue-gps-computer
289788,Garmin Edge 500 Blue HRM and Cadence Bundle,http://tribesports.com/products/electronics/gps-devices/cycling-gps/289788-garmin-edge-500-blue-hrm-and-cadence-bundle
297240,Garmin Dakota 20,http://tribesports.com/products/electronics/gps-devices/cycling-gps/297240-garmin-dakota-20
526166,Garmin Edge 605 GPS-enabled Cycle Trainer and Navigator,http://tribesports.com/products/electronics/gps-devices/cycling-gps/526166-garmin-edge-605-gps-enabled-cycle-trainer-and-navigator
526170,Suunto X10 Military Outdoor Sports GPS Instrument,http://tribesports.com/products/electronics/gps-devices/cycling-gps/526170-suunto-x10-military-outdoor-sports-gps-instrument
526185,Satmap Active 10 Bike GPS,http://tribesports.com/products/electronics/gps-devices/cycling-gps/526185-satmap-active-10-bike-gps
535873,Polar G3 GPS Accessory Set,http://tribesports.com/products/electronics/gps-devices/cycling-gps/535873-polar-g3-gps-accessory-set
535923,Polar G1 GPS Accessory Set,http://tribesports.com/products/electronics/gps-devices/cycling-gps/535923-polar-g1-gps-accessory-set
566274,Suunto GPS POD,http://tribesports.com/products/electronics/gps-devices/cycling-gps/566274-suunto-gps-pod
741393,Memory-Map Adventurer 2800 GPS With Full UK Map,http://tribesports.com/products/electronics/gps-devices/cycling-gps/741393-memory-map-adventurer-2800-gps-with-full-uk-map
877087,Garmin Edge 800 Performance Bundle,http://tribesports.com/products/electronics/gps-devices/cycling-gps/877087-garmin-edge-800-performance-bundle
877088,Garmin Edge 800,http://tribesports.com/products/electronics/gps-devices/cycling-gps/877088-garmin-edge-800
877089,Garmin Edge 800 Performance & Navigation Bundle,http://tribesports.com/products/electronics/gps-devices/cycling-gps/877089-garmin-edge-800-performance-navigation-bundle
892477,Memory-Map Adventurer 3500 GPS With Full Country Maps,http://tribesports.com/products/electronics/gps-devices/cycling-gps/892477-memory-map-adventurer-3500-gps-with-full-country-maps
904391,Garmin Edge 800 GPS Plus GB Discoverer 1:50 Trail Bundle,http://tribesports.com/products/electronics/gps-devices/cycling-gps/904391-garmin-edge-800-gps-plus-gb-discoverer-150-trail-bundle
905779,Garmin Edge 800 GPS Cycle Computer,http://tribesports.com/products/electronics/gps-devices/cycling-gps/905779-garmin-edge-800-gps-cycle-computer
905780,Garmin Edge 800 GPS Performance Bundle,http://tribesports.com/products/electronics/gps-devices/cycling-gps/905780-garmin-edge-800-gps-performance-bundle
905781,Garmin Edge 800 GPS Performance & Navigation Bundle,http://tribesports.com/products/electronics/gps-devices/cycling-gps/905781-garmin-edge-800-gps-performance-navigation-bundle
974986,Garmin Edge 800 Trail Bundle,http://tribesports.com/products/electronics/gps-devices/cycling-gps/974986-garmin-edge-800-trail-bundle
1203265,bryton Rider 50T GPS Cycle Computer with Heart Rate,http://tribesports.com/products/electronics/gps-devices/cycling-gps/1203265-bryton-rider-50t-gps-cycle-computer-with-heart-rate
1203266,bryton Rider 50 GPS Cycle Computer,http://tribesports.com/products/electronics/gps-devices/cycling-gps/1203266-bryton-rider-50-gps-cycle-computer
1534892,Garmin Approach GPS G5 System,http://tribesports.com/products/electronics/gps-devices/cycling-gps/1534892-garmin-approach-gps-g5-system
1621660,bryton Rider 35E GPS Cycle Computer,http://tribesports.com/products/electronics/gps-devices/cycling-gps/1621660-bryton-rider-35e-gps-cycle-computer
1621661,bryton Rider 35T GPS Cycle Computer with Heart Rate,http://tribesports.com/products/electronics/gps-devices/cycling-gps/1621661-bryton-rider-35t-gps-cycle-computer-with-heart-rate
1650861,Bryton Rider50 GPS,http://tribesports.com/products/electronics/gps-devices/cycling-gps/1650861-bryton-rider50-gps
1660345,GPS Keymaze 300,http://tribesports.com/products/electronics/gps-devices/cycling-gps/1660345-gps-keymaze-300
1798992,Garmin Edge 800 GPS with Cadence and Heart Rate,http://tribesports.com/products/electronics/gps-devices/cycling-gps/1798992-garmin-edge-800-gps-with-cadence-and-heart-rate
1817915,Bryton Rider35 GPS,http://tribesports.com/products/electronics/gps-devices/cycling-gps/1817915-bryton-rider35-gps
1829570,"Garmin Sportuhr ""GPS Forerunner 305""",http://tribesports.com/products/electronics/gps-devices/cycling-gps/1829570-garmin-sportuhr-gps-forerunner-305
1931112,Garmin Edge 605 GPS Cycle Computer,http://tribesports.com/products/electronics/gps-devices/cycling-gps/1931112-garmin-edge-605-gps-cycle-computer
1943468,Garmin Forerunner 205 Wrist Worn GPS Personal Training Device,http://tribesports.com/products/electronics/gps-devices/cycling-gps/1943468-garmin-forerunner-205-wrist-worn-gps-personal-training-device
2253376,GoPlanet Mercury 100 Bike GPS Unit,http://tribesports.com/products/electronics/gps-devices/cycling-gps/2253376-goplanet-mercury-100-bike-gps-unit
2315650,Trelock Bicycle Computer 11 Functions MC700,http://tribesports.com/products/electronics/gps-devices/cycling-gps/2315650-trelock-bicycle-computer-11-functions-mc700
2315652,Trelock Bicycle Computer 6 Functions,http://tribesports.com/products/electronics/gps-devices/cycling-gps/2315652-trelock-bicycle-computer-6-functions
2315656,Trelock GeoCoach GC 400 Chronograph Sports Utility Watch,http://tribesports.com/products/electronics/gps-devices/cycling-gps/2315656-trelock-geocoach-gc-400-chronograph-sports-utility-watch
2315657,Trelock ZF450 PC-Interface Set,http://tribesports.com/products/electronics/gps-devices/cycling-gps/2315657-trelock-zf450-pc-interface-set
2376183,Garmin Edge 200 GPS Cycle Computer,http://tribesports.com/products/electronics/gps-devices/cycling-gps/2376183-garmin-edge-200-gps-cycle-computer
2376366,Garmin Edge 200,http://tribesports.com/products/electronics/gps-devices/cycling-gps/2376366-garmin-edge-200
2437022,Garmin Edge 200 GPS,http://tribesports.com/products/electronics/gps-devices/cycling-gps/2437022-garmin-edge-200-gps
2693194,Bryton Rider 50T GPS Computer,http://tribesports.com/products/electronics/gps-devices/cycling-gps/2693194-bryton-rider-50t-gps-computer
2693199,Bryton Rider 35E GPS Computer,http://tribesports.com/products/electronics/gps-devices/cycling-gps/2693199-bryton-rider-35e-gps-computer
2693653,Garmin Edge 500,http://tribesports.com/products/electronics/gps-devices/cycling-gps/2693653-garmin-edge-500
2693654,"Garmin Edge 800 'Road Performance' Bundle inc Micros SD City Navigator Mapping, Speed / Cadence +Heart Rate",http://tribesports.com/products/electronics/gps-devices/cycling-gps/2693654-garmin-edge-800-road-performance-bundle-inc-micros-sd-city-navigator-mapping-speed-cadence-heart-rate
2775878,Garmin Edge 800 'Trail' Bundle inc Micro SD -  1:50 GB OS Discoverer Mapping,http://tribesports.com/products/electronics/gps-devices/cycling-gps/2775878-garmin-edge-800-trail-bundle-inc-micro-sd-150-gb-os-discoverer-mapping
3008865,Navitech Cycle / Bike / Bicycle / Motorbike Waterproof holder mount and case for Smart Phones Including The HTC Rhyme & HTC Titan,http://tribesports.com/products/electronics/gps-devices/cycling-gps/3008865-navitech-cycle-bike-bicycle-motorbike-waterproof-holder-mount-and-case-for-smart-phones-including-the-htc-rhyme-htc-titan
3008866,Navitech Cycle / Bike / Bicycle / Motorbike Waterproof holder mount and case for Smart Phones Including The Samsung Galaxy Note,http://tribesports.com/products/electronics/gps-devices/cycling-gps/3008866-navitech-cycle-bike-bicycle-motorbike-waterproof-holder-mount-and-case-for-smart-phones-including-the-samsung-galaxy-note
3008867,Navitech Cycle / Bike / Bicycle / Motorbike Waterproof holder mount and case for Smart Phones Including The Samsung Galaxy Nexus Samsung Galaxy Nexus,http://tribesports.com/products/electronics/gps-devices/cycling-gps/3008867-navitech-cycle-bike-bicycle-motorbike-waterproof-holder-mount-and-case-for-smart-phones-including-the-samsung-galaxy-nexus-samsung-galaxy-nexus
3008868,"Navitech Cycle / Bike / Bicycle / Motorbike Waterproof holder mount and case for Smart Phones Including The HTC Sensation XL, HTC Sensation XE",http://tribesports.com/products/electronics/gps-devices/cycling-gps/3008868-navitech-cycle-bike-bicycle-motorbike-waterproof-holder-mount-and-case-for-smart-phones-including-the-htc-sensation-xl-htc-sensation-xe
3008869,"Navitech Cycle / Bike / Bicycle Sports Waterproof holder mount and case for The HTC Explorer, HTC Radar",http://tribesports.com/products/electronics/gps-devices/cycling-gps/3008869-navitech-cycle-bike-bicycle-sports-waterproof-holder-mount-and-case-for-the-htc-explorer-htc-radar
3008870,"Navitech Cycle / Bike / Bicycle Sports Waterproof holder mount and case for The Nokia Lumia 800, Nokia Lumia 710",http://tribesports.com/products/electronics/gps-devices/cycling-gps/3008870-navitech-cycle-bike-bicycle-sports-waterproof-holder-mount-and-case-for-the-nokia-lumia-800-nokia-lumia-710
3008871,Navitech Cycle / Bike / Bicycle Sports Waterproof holder mount and case for The Apple iPhone 4S,http://tribesports.com/products/electronics/gps-devices/cycling-gps/3008871-navitech-cycle-bike-bicycle-sports-waterproof-holder-mount-and-case-for-the-apple-iphone-4s
3008872,Navitech Cycle / Bike / Bicycle / Motorbike Waterproof holder mount and case for Smart Phones Including The Samsung Galaxy S Plus,http://tribesports.com/products/electronics/gps-devices/cycling-gps/3008872-navitech-cycle-bike-bicycle-motorbike-waterproof-holder-mount-and-case-for-smart-phones-including-the-samsung-galaxy-s-plus
3008873,Sigmasport STS Chest Strap for Cycling Computer,http://tribesports.com/products/electronics/gps-devices/cycling-gps/3008873-sigmasport-sts-chest-strap-for-cycling-computer
3008874,Navitech Cycle / Bike / Bicycle / Motorbike Waterproof holder mount and case for Smart Phones Including The Motorola Razr,http://tribesports.com/products/electronics/gps-devices/cycling-gps/3008874-navitech-cycle-bike-bicycle-motorbike-waterproof-holder-mount-and-case-for-smart-phones-including-the-motorola-razr
3008875,Navitech Cycle / Bike / Bicycle Sports Waterproof holder mount and case for Smart Phones Mobiles & Cell phones Including The Samsung Galaxy Ace,http://tribesports.com/products/electronics/gps-devices/cycling-gps/3008875-navitech-cycle-bike-bicycle-sports-waterproof-holder-mount-and-case-for-smart-phones-mobiles-cell-phones-including-the-samsung-galaxy-ace
3008876,"Sigma PC 9 III, Pulse-Rate Computer for Women, Grey-Red",http://tribesports.com/products/electronics/gps-devices/cycling-gps/3008876-sigma-pc-9-iii-pulse-rate-computer-for-women-grey-red
3008877,"Sigma PC 9 III, Pulse-Rate Computer for Men, Red/Black",http://tribesports.com/products/electronics/gps-devices/cycling-gps/3008877-sigma-pc-9-iii-pulse-rate-computer-for-men-redblack
3185758,Garmin Edge 800 GPS Enabled Computer (GM1800),http://tribesports.com/products/electronics/gps-devices/cycling-gps/3185758-garmin-edge-800-gps-enabled-computer-gm1800
3185786,Garmin Edge 800 GPS-Enabled Computer with MicroSD-Discoverer 1:50 G.B,http://tribesports.com/products/electronics/gps-devices/cycling-gps/3185786-garmin-edge-800-gps-enabled-computer-with-microsd-discoverer-150-gb
3187523,Garmin Edge 500 GPS Cycle Computer with Cadence Sensor and Heart Rate,http://tribesports.com/products/electronics/gps-devices/cycling-gps/3187523-garmin-edge-500-gps-cycle-computer-with-cadence-sensor-and-heart-rate
3192269,Garmin Edge 200 GPS Enabled Black Cycle Computer,http://tribesports.com/products/electronics/gps-devices/cycling-gps/3192269-garmin-edge-200-gps-enabled-black-cycle-computer
3457893,"Sigma PC 9 III, Pulse-Rate Computer for Men, Anthracite/Grey",http://tribesports.com/products/electronics/gps-devices/cycling-gps/3457893-sigma-pc-9-iii-pulse-rate-computer-for-men-anthracitegrey
3693024,Garmin Garmin Forerunner 110 Women's with HRM (PINK),http://tribesports.com/products/electronics/gps-devices/cycling-gps/3693024-garmin-garmin-forerunner-110-womens-with-hrm-pink
3697886,Garmin Forerunner Men's 110 W/HRM(RD),http://tribesports.com/products/electronics/gps-devices/cycling-gps/3697886-garmin-forerunner-mens-110-whrmrd
3714067,nuvi 1340 GPS for Europe,http://tribesports.com/products/electronics/gps-devices/cycling-gps/3714067-nuvi-1340-gps-for-europe
3715919,nuvi 1390T GPS for Europe,http://tribesports.com/products/electronics/gps-devices/cycling-gps/3715919-nuvi-1390t-gps-for-europe
3718050,Start 2 GPS for Europe,http://tribesports.com/products/electronics/gps-devices/cycling-gps/3718050-start-2-gps-for-europe
3718448,Oregon 450T hiking GPS,http://tribesports.com/products/electronics/gps-devices/cycling-gps/3718448-oregon-450t-hiking-gps
3718458,Zumo 220 Motorbike GPS for Europe,http://tribesports.com/products/electronics/gps-devices/cycling-gps/3718458-zumo-220-motorbike-gps-for-europe
3718737,70 Premium GPS for Europe,http://tribesports.com/products/electronics/gps-devices/cycling-gps/3718737-70-premium-gps-for-europe
3719173,Urban Rider GPS for Europe,http://tribesports.com/products/electronics/gps-devices/cycling-gps/3719173-urban-rider-gps-for-europe
3719282,XL IQ Routes edition 2 GPS Sat Nav System,http://tribesports.com/products/electronics/gps-devices/cycling-gps/3719282-xl-iq-routes-edition-2-gps-sat-nav-system
3719899,mini 330 GPS for motorbikes,http://tribesports.com/products/electronics/gps-devices/cycling-gps/3719899-mini-330-gps-for-motorbikes
3720266,Via 120 GPS for Europe,http://tribesports.com/products/electronics/gps-devices/cycling-gps/3720266-via-120-gps-for-europe
3720458,Dakota 10 Hiking GPS,http://tribesports.com/products/electronics/gps-devices/cycling-gps/3720458-dakota-10-hiking-gps
3720462,GPSMAP62 Handheld GPS Navigator,http://tribesports.com/products/electronics/gps-devices/cycling-gps/3720462-gpsmap62-handheld-gps-navigator
3721473,GO LIVE 1005 GPS Sat Nav System,http://tribesports.com/products/electronics/gps-devices/cycling-gps/3721473-go-live-1005-gps-sat-nav-system
3721608,GP60C GPS,http://tribesports.com/products/electronics/gps-devices/cycling-gps/3721608-gp60c-gps
3721642,GP34 GPS for Europe,http://tribesports.com/products/electronics/gps-devices/cycling-gps/3721642-gp34-gps-for-europe
3721745,eXplorist 510 Hiking GPS,http://tribesports.com/products/electronics/gps-devices/cycling-gps/3721745-explorist-510-hiking-gps
3721746,eXplorist 610 Hiking GPS,http://tribesports.com/products/electronics/gps-devices/cycling-gps/3721746-explorist-610-hiking-gps
3721747,eXplorist 710 Hiking GPS,http://tribesports.com/products/electronics/gps-devices/cycling-gps/3721747-explorist-710-hiking-gps
3721850,VIA 125 GPS receiver for Europe,http://tribesports.com/products/electronics/gps-devices/cycling-gps/3721850-via-125-gps-receiver-for-europe
3721970,Urban Rider Regional GPS Sat Nav System - Black,http://tribesports.com/products/electronics/gps-devices/cycling-gps/3721970-urban-rider-regional-gps-sat-nav-system-black
3721971,Urban Rider Europe GPS Sat Nav System - Black,http://tribesports.com/products/electronics/gps-devices/cycling-gps/3721971-urban-rider-europe-gps-sat-nav-system-black
3722137,Rider Pro Europe GPS Sat Nav System - Black,http://tribesports.com/products/electronics/gps-devices/cycling-gps/3722137-rider-pro-europe-gps-sat-nav-system-black
3723068,GPSMAP 62st Handheld GPS,http://tribesports.com/products/electronics/gps-devices/cycling-gps/3723068-gpsmap-62st-handheld-gps
3723072,Edge 800 Cycling GPS + Heart Rate Monitor + Speed Sensor,http://tribesports.com/products/electronics/gps-devices/cycling-gps/3723072-edge-800-cycling-gps-heart-rate-monitor-speed-sensor
3723080,Edge 800 Cycling GPS - black and white,http://tribesports.com/products/electronics/gps-devices/cycling-gps/3723080-edge-800-cycling-gps-black-and-white
3723081,GPSMAP 62s Handheld GPS,http://tribesports.com/products/electronics/gps-devices/cycling-gps/3723081-gpsmap-62s-handheld-gps
3723938,ulti 505 GPS for Europe,http://tribesports.com/products/electronics/gps-devices/cycling-gps/3723938-ulti-505-gps-for-europe
3724341,Dezl 560LT GPS for Europe,http://tribesports.com/products/electronics/gps-devices/cycling-gps/3724341-dezl-560lt-gps-for-europe
3724382,nüvi 2440 GPS for Europe,http://tribesports.com/products/electronics/gps-devices/cycling-gps/3724382-nvi-2440-gps-for-europe
3726532,Pro 7150 Truck GPS for Europe,http://tribesports.com/products/electronics/gps-devices/cycling-gps/3726532-pro-7150-truck-gps-for-europe
3726839,Start 20 GPS Sat Nav System,http://tribesports.com/products/electronics/gps-devices/cycling-gps/3726839-start-20-gps-sat-nav-system
3727706,Start 20 GPS Sat Nav System,http://tribesports.com/products/electronics/gps-devices/cycling-gps/3727706-start-20-gps-sat-nav-system
3729806,nuLink! 2390 GPS for Europe,http://tribesports.com/products/electronics/gps-devices/cycling-gps/3729806-nulink-2390-gps-for-europe
3731077,iti 407 GPS for Europe,http://tribesports.com/products/electronics/gps-devices/cycling-gps/3731077-iti-407-gps-for-europe
3732312,iti 409 GPS for Europe,http://tribesports.com/products/electronics/gps-devices/cycling-gps/3732312-iti-409-gps-for-europe
3732388,ulti 509 GPS for Europe,http://tribesports.com/products/electronics/gps-devices/cycling-gps/3732388-ulti-509-gps-for-europe
3732588,GARMIN 110UGPSEU,http://tribesports.com/products/electronics/gps-devices/cycling-gps/3732588-garmin-110ugpseu
3734290,eXplorist 310 Hiking GPS,http://tribesports.com/products/electronics/gps-devices/cycling-gps/3734290-explorist-310-hiking-gps
3734381,Polar RCX5 GPS,http://tribesports.com/products/electronics/gps-devices/cycling-gps/3734381-polar-rcx5-gps
3738823,GPS Pod,http://tribesports.com/products/electronics/gps-devices/cycling-gps/3738823-gps-pod
3788687,"Garmin GPS Cigarette Lighter Adapter (eTrex, eTrex Legend Cx)",http://tribesports.com/products/electronics/gps-devices/cycling-gps/3788687-garmin-gps-cigarette-lighter-adapter-etrex-etrex-legend-cx
3788692,Garmin GPS Cigarette Lighter Adapter (Rino 530),http://tribesports.com/products/electronics/gps-devices/cycling-gps/3788692-garmin-gps-cigarette-lighter-adapter-rino-530
3788702,Garmin GPS Rino 120,http://tribesports.com/products/electronics/gps-devices/cycling-gps/3788702-garmin-gps-rino-120
3788706,Garmin GPS Rino Ear Bud w/ Ptt Mic,http://tribesports.com/products/electronics/gps-devices/cycling-gps/3788706-garmin-gps-rino-ear-bud-w-ptt-mic
3788711,Garmin GPS MapSource WorldMap CD Rom,http://tribesports.com/products/electronics/gps-devices/cycling-gps/3788711-garmin-gps-mapsource-worldmap-cd-rom
3788735,Garmin GPS Cigarette Lighter Adapter (Rino),http://tribesports.com/products/electronics/gps-devices/cycling-gps/3788735-garmin-gps-cigarette-lighter-adapter-rino
3788751,Garmin GPS Dakota 10 GPS Unit,http://tribesports.com/products/electronics/gps-devices/cycling-gps/3788751-garmin-gps-dakota-10-gps-unit
3788756,Garmin GPS Dakota 20 GPS Unit,http://tribesports.com/products/electronics/gps-devices/cycling-gps/3788756-garmin-gps-dakota-20-gps-unit
3788787,Garmin GPS Dc-40 Dog Collar Transmitter GPS Unit,http://tribesports.com/products/electronics/gps-devices/cycling-gps/3788787-garmin-gps-dc-40-dog-collar-transmitter-gps-unit
3788792,Garmin GPS Astro With Dc-40 Collar GPS Unit,http://tribesports.com/products/electronics/gps-devices/cycling-gps/3788792-garmin-gps-astro-with-dc-40-collar-gps-unit
3788809,Garmin GPS Forerunner 405 GPS Unit with the Heart Rate Monitor,http://tribesports.com/products/electronics/gps-devices/cycling-gps/3788809-garmin-gps-forerunner-405-gps-unit-with-the-heart-rate-monitor
3788832,Garmin GPS Oregon 450T GPS Unit,http://tribesports.com/products/electronics/gps-devices/cycling-gps/3788832-garmin-gps-oregon-450t-gps-unit
3788837,Garmin GPS Oregon 550 GPS Unit,http://tribesports.com/products/electronics/gps-devices/cycling-gps/3788837-garmin-gps-oregon-550-gps-unit
3788849,Garmin GPS Topo Us 24K Texas GPS Unit,http://tribesports.com/products/electronics/gps-devices/cycling-gps/3788849-garmin-gps-topo-us-24k-texas-gps-unit
3788856,Garmin GPS Topo Us 24K Central Plains GPS Unit,http://tribesports.com/products/electronics/gps-devices/cycling-gps/3788856-garmin-gps-topo-us-24k-central-plains-gps-unit
3788860,Garmin GPS Topo Us 24K Northern Plains GPS Unit,http://tribesports.com/products/electronics/gps-devices/cycling-gps/3788860-garmin-gps-topo-us-24k-northern-plains-gps-unit
3788868,Garmin GPS Topo Us 24K South East GPS Unit,http://tribesports.com/products/electronics/gps-devices/cycling-gps/3788868-garmin-gps-topo-us-24k-south-east-gps-unit
3788873,Garmin GPS Topo Us 24K West Dvd GPS Unit,http://tribesports.com/products/electronics/gps-devices/cycling-gps/3788873-garmin-gps-topo-us-24k-west-dvd-gps-unit
3788878,Garmin GPS Topo Us 24K Southwest Dvd GPS Unit,http://tribesports.com/products/electronics/gps-devices/cycling-gps/3788878-garmin-gps-topo-us-24k-southwest-dvd-gps-unit
3788883,Garmin GPS Topo Us 24K North Central Dvd GPS Unit,http://tribesports.com/products/electronics/gps-devices/cycling-gps/3788883-garmin-gps-topo-us-24k-north-central-dvd-gps-unit
3788889,Garmin GPS Topo Us 24K South Central Dvd GPS Unit,http://tribesports.com/products/electronics/gps-devices/cycling-gps/3788889-garmin-gps-topo-us-24k-south-central-dvd-gps-unit
3788893,Garmin GPS Topo Us 24K Northeast Dvd GPS Unit,http://tribesports.com/products/electronics/gps-devices/cycling-gps/3788893-garmin-gps-topo-us-24k-northeast-dvd-gps-unit
3788897,Garmin GPS Topo Us 24K Northwest GPS Unit,http://tribesports.com/products/electronics/gps-devices/cycling-gps/3788897-garmin-gps-topo-us-24k-northwest-gps-unit
3788900,Garmin GPS Topo Us 24K West GPS Unit,http://tribesports.com/products/electronics/gps-devices/cycling-gps/3788900-garmin-gps-topo-us-24k-west-gps-unit
3788913,Garmin GPS Topo Us 24K Great Lakes GPS Unit,http://tribesports.com/products/electronics/gps-devices/cycling-gps/3788913-garmin-gps-topo-us-24k-great-lakes-gps-unit
3788919,Garmin GPS Topo Us 24K Northeast GPS Unit,http://tribesports.com/products/electronics/gps-devices/cycling-gps/3788919-garmin-gps-topo-us-24k-northeast-gps-unit
3788943,Garmin GPS Forerunner 310Xt GPS Unit,http://tribesports.com/products/electronics/gps-devices/cycling-gps/3788943-garmin-gps-forerunner-310xt-gps-unit
3788957,Garmin GPS Gpsmap 78 GPS Unit,http://tribesports.com/products/electronics/gps-devices/cycling-gps/3788957-garmin-gps-gpsmap-78-gps-unit
3788961,Garmin GPS Gpsmap 78S GPS Unit,http://tribesports.com/products/electronics/gps-devices/cycling-gps/3788961-garmin-gps-gpsmap-78s-gps-unit
3788964,Garmin GPS Gpsmap 62 GPS Unit,http://tribesports.com/products/electronics/gps-devices/cycling-gps/3788964-garmin-gps-gpsmap-62-gps-unit
3788971,Garmin GPS Gpsmap 62S GPS Unit,http://tribesports.com/products/electronics/gps-devices/cycling-gps/3788971-garmin-gps-gpsmap-62s-gps-unit
3788977,Garmin GPS Edge 800 GPS Unit,http://tribesports.com/products/electronics/gps-devices/cycling-gps/3788977-garmin-gps-edge-800-gps-unit
3788983,Garmin GPS Edge 800 Bundle GPS Unit,http://tribesports.com/products/electronics/gps-devices/cycling-gps/3788983-garmin-gps-edge-800-bundle-gps-unit
3788993,Garmin GPS Unisex Forerunner 110 GPS Unit,http://tribesports.com/products/electronics/gps-devices/cycling-gps/3788993-garmin-gps-unisex-forerunner-110-gps-unit
3789059,Garmin GPS Forerunner 410 Heart Rate Monitor,http://tribesports.com/products/electronics/gps-devices/cycling-gps/3789059-garmin-gps-forerunner-410-heart-rate-monitor
3790790,Garmin Oregon 450T Handheld Gps,http://tribesports.com/products/electronics/gps-devices/cycling-gps/3790790-garmin-oregon-450t-handheld-gps
3790804,Garmin Foretrex 301 Gps,http://tribesports.com/products/electronics/gps-devices/cycling-gps/3790804-garmin-foretrex-301-gps
3801579,Magellan Explorist Gc With Giftbox GPS Unit,http://tribesports.com/products/electronics/gps-devices/cycling-gps/3801579-magellan-explorist-gc-with-giftbox-gps-unit
3801589,Magellan Explorist 710 United States GPS Unit,http://tribesports.com/products/electronics/gps-devices/cycling-gps/3801589-magellan-explorist-710-united-states-gps-unit
3801598,Magellan Explorist 510 North America GPS Unit,http://tribesports.com/products/electronics/gps-devices/cycling-gps/3801598-magellan-explorist-510-north-america-gps-unit
3801604,Magellan Explorist 610 United States GPS Unit,http://tribesports.com/products/electronics/gps-devices/cycling-gps/3801604-magellan-explorist-610-united-states-gps-unit
3815708,Garmin Forerunner 310XT GPS,http://tribesports.com/products/electronics/gps-devices/cycling-gps/3815708-garmin-forerunner-310xt-gps
3817501,Garmin Edge 500 Basic GPS Bike Computer,http://tribesports.com/products/electronics/gps-devices/cycling-gps/3817501-garmin-edge-500-basic-gps-bike-computer
3817530,Garmin Edge 500 Bundle GPS Bike Computer,http://tribesports.com/products/electronics/gps-devices/cycling-gps/3817530-garmin-edge-500-bundle-gps-bike-computer
3817556,Garmin Edge 500 Team GPS Bike Computer,http://tribesports.com/products/electronics/gps-devices/cycling-gps/3817556-garmin-edge-500-team-gps-bike-computer
3817572,Garmin Edge 800 Basic GPS Bike Computer,http://tribesports.com/products/electronics/gps-devices/cycling-gps/3817572-garmin-edge-800-basic-gps-bike-computer
3817604,Garmin Edge 800 Bundle GPS Bike Computer,http://tribesports.com/products/electronics/gps-devices/cycling-gps/3817604-garmin-edge-800-bundle-gps-bike-computer
3817633,Garmin Forerunner 310XT GPS Multi Sport Training Device,http://tribesports.com/products/electronics/gps-devices/cycling-gps/3817633-garmin-forerunner-310xt-gps-multi-sport-training-device
3856784,GARMIN GPSMAP 62s,http://tribesports.com/products/electronics/gps-devices/cycling-gps/3856784-garmin-gpsmap-62s
3864045,GARMIN Montana 600 GPS,http://tribesports.com/products/electronics/gps-devices/cycling-gps/3864045-garmin-montana-600-gps
3864058,GARMIN eTrex 10 GPS,http://tribesports.com/products/electronics/gps-devices/cycling-gps/3864058-garmin-etrex-10-gps
3864063,GARMIN eTrex 30 GPS,http://tribesports.com/products/electronics/gps-devices/cycling-gps/3864063-garmin-etrex-30-gps
3864087,DELORME Earthmate PN-60 GPS,http://tribesports.com/products/electronics/gps-devices/cycling-gps/3864087-delorme-earthmate-pn-60-gps
3990049,SPOT Satellite GPS Messenger,http://tribesports.com/products/electronics/gps-devices/cycling-gps/3990049-spot-satellite-gps-messenger
3997045,DeLorme Earthmate PN-60 GPS,http://tribesports.com/products/electronics/gps-devices/cycling-gps/3997045-delorme-earthmate-pn-60-gps
3997058,DeLorme Earthmate PN-60w GPS,http://tribesports.com/products/electronics/gps-devices/cycling-gps/3997058-delorme-earthmate-pn-60w-gps
4000764,Garmin Oregon 450t GPS,http://tribesports.com/products/electronics/gps-devices/cycling-gps/4000764-garmin-oregon-450t-gps
4000782,Garmin Oregon 450 GPS,http://tribesports.com/products/electronics/gps-devices/cycling-gps/4000782-garmin-oregon-450-gps
4000955,Garmin Foretrex 301 GPS,http://tribesports.com/products/electronics/gps-devices/cycling-gps/4000955-garmin-foretrex-301-gps
4000967,Garmin GPSMAP 62 GPS,http://tribesports.com/products/electronics/gps-devices/cycling-gps/4000967-garmin-gpsmap-62-gps
4000975,Garmin GPSMAP 62s GPS,http://tribesports.com/products/electronics/gps-devices/cycling-gps/4000975-garmin-gpsmap-62s-gps
4001087,Garmin Montana 650t GPS,http://tribesports.com/products/electronics/gps-devices/cycling-gps/4001087-garmin-montana-650t-gps
4001092,Garmin Montana 650 GPS,http://tribesports.com/products/electronics/gps-devices/cycling-gps/4001092-garmin-montana-650-gps
4001098,Garmin Montana 600 GPS,http://tribesports.com/products/electronics/gps-devices/cycling-gps/4001098-garmin-montana-600-gps
4001113,Garmin GPSMAP 62stc GPS,http://tribesports.com/products/electronics/gps-devices/cycling-gps/4001113-garmin-gpsmap-62stc-gps
4001154,Garmin eTrex 20 GPS,http://tribesports.com/products/electronics/gps-devices/cycling-gps/4001154-garmin-etrex-20-gps
4001160,Garmin eTrex 30 GPS,http://tribesports.com/products/electronics/gps-devices/cycling-gps/4001160-garmin-etrex-30-gps
4001193,Garmin eTrex 20 Topo GPS Bundle,http://tribesports.com/products/electronics/gps-devices/cycling-gps/4001193-garmin-etrex-20-topo-gps-bundle
4001201,Garmin eTrex 30 Topo GPS Bundle,http://tribesports.com/products/electronics/gps-devices/cycling-gps/4001201-garmin-etrex-30-topo-gps-bundle
4001208,Garmin GPSMAP 62s GPS Bundle,http://tribesports.com/products/electronics/gps-devices/cycling-gps/4001208-garmin-gpsmap-62s-gps-bundle
4001228,Garmin eTrex 10 GPS,http://tribesports.com/products/electronics/gps-devices/cycling-gps/4001228-garmin-etrex-10-gps
4011286,Magellan eXplorist GC GPS,http://tribesports.com/products/electronics/gps-devices/cycling-gps/4011286-magellan-explorist-gc-gps
4013099,McMurdo Fast Find 210 Personal Locator Beacon with GPS,http://tribesports.com/products/electronics/gps-devices/cycling-gps/4013099-mcmurdo-fast-find-210-personal-locator-beacon-with-gps
4046833,SPOT II Satellite GPS Messenger,http://tribesports.com/products/electronics/gps-devices/cycling-gps/4046833-spot-ii-satellite-gps-messenger
4054156,ContourGPS,http://tribesports.com/products/electronics/gps-devices/cycling-gps/4054156-contourgps
4056627,GPSMAP 62,http://tribesports.com/products/electronics/gps-devices/cycling-gps/4056627-gpsmap-62
4056632,GPSMAP 62s,http://tribesports.com/products/electronics/gps-devices/cycling-gps/4056632-gpsmap-62s
4056637,GPSMAP 62st,http://tribesports.com/products/electronics/gps-devices/cycling-gps/4056637-gpsmap-62st
4056782,GPSMAP 62stc,http://tribesports.com/products/electronics/gps-devices/cycling-gps/4056782-gpsmap-62stc
4290514,GARMIN Montana 650 GPS,http://tribesports.com/products/electronics/gps-devices/cycling-gps/4290514-garmin-montana-650-gps
4290515,GARMIN Montana 650t GPS,http://tribesports.com/products/electronics/gps-devices/cycling-gps/4290515-garmin-montana-650t-gps
4290516,GARMIN Rino 650 US GPS,http://tribesports.com/products/electronics/gps-devices/cycling-gps/4290516-garmin-rino-650-us-gps
4290517,GARMIN eTrex 20 GPS,http://tribesports.com/products/electronics/gps-devices/cycling-gps/4290517-garmin-etrex-20-gps
4300254,Garmin Oregon 550T Handheld Gps,http://tribesports.com/products/electronics/gps-devices/cycling-gps/4300254-garmin-oregon-550t-handheld-gps
4344337,Garmin Foretrex 401 GPS,http://tribesports.com/products/electronics/gps-devices/cycling-gps/4344337-garmin-foretrex-401-gps
4455046,GPSMAP 62sc,http://tribesports.com/products/electronics/gps-devices/cycling-gps/4455046-gpsmap-62sc
4514233,Garmin GPS Men's Mens Forerunner 110 Bundle GPS Unit,http://tribesports.com/products/electronics/gps-devices/cycling-gps/4514233-garmin-gps-mens-mens-forerunner-110-bundle-gps-unit
4515155,SPOT Spot GPS Satellite Messenger,http://tribesports.com/products/electronics/gps-devices/cycling-gps/4515155-spot-spot-gps-satellite-messenger
4523542,eXplorist GC Hiking GPS,http://tribesports.com/products/electronics/gps-devices/cycling-gps/4523542-explorist-gc-hiking-gps
4525011,92 Premium Europe - GPS,http://tribesports.com/products/electronics/gps-devices/cycling-gps/4525011-92-premium-europe-gps
5263562,Garmin Forerunner 610 GPS With Heart Rate Monitor,http://tribesports.com/products/electronics/gps-devices/cycling-gps/5263562-garmin-forerunner-610-gps-with-heart-rate-monitor
5287696,Garmin Forerunner 210 GPS HRM,http://tribesports.com/products/electronics/gps-devices/cycling-gps/5287696-garmin-forerunner-210-gps-hrm
5478018,"Garmin Montana 600 - GPS receiver - hiking - flash 3 GB - 4"" - widescreen",http://tribesports.com/products/electronics/gps-devices/cycling-gps/5478018-garmin-montana-600-gps-receiver-hiking-flash-3-gb-4-widescreen
5478037,"Garmin eTrex 30 - GPS/GLONASS receiver - hiking - flash 1.7 GB - 2.2""",http://tribesports.com/products/electronics/gps-devices/cycling-gps/5478037-garmin-etrex-30-gpsglonass-receiver-hiking-flash-17-gb-22
5478038,"Garmin eTrex 20 - GPS/GLONASS receiver - hiking - flash 1.7 GB - 2.2""",http://tribesports.com/products/electronics/gps-devices/cycling-gps/5478038-garmin-etrex-20-gpsglonass-receiver-hiking-flash-17-gb-22
5478039,eTrex 10 Hiking GPS,http://tribesports.com/products/electronics/gps-devices/cycling-gps/5478039-etrex-10-hiking-gps
5478050,Garmin Edge 200 - Cycling GPS receiver,http://tribesports.com/products/electronics/gps-devices/cycling-gps/5478050-garmin-edge-200-cycling-gps-receiver
5479614,62stc MAPGPS GPS hiking,http://tribesports.com/products/electronics/gps-devices/cycling-gps/5479614-62stc-mapgps-gps-hiking
5635631,Garmin Edge 200 Bike GPS Unit,http://tribesports.com/products/electronics/gps-devices/cycling-gps/5635631-garmin-edge-200-bike-gps-unit
5885655,Garmin GPS Topo Us 24K Mid Atlantic GPS Unit,http://tribesports.com/products/electronics/gps-devices/cycling-gps/5885655-garmin-gps-topo-us-24k-mid-atlantic-gps-unit
5895557,Timex Global Trainer GPS HRM,http://tribesports.com/products/electronics/gps-devices/cycling-gps/5895557-timex-global-trainer-gps-hrm
5895564,Timex Run Trainer With HRM,http://tribesports.com/products/electronics/gps-devices/cycling-gps/5895564-timex-run-trainer-with-hrm
5903128,Bryton Rider 50E GPS Computer,http://tribesports.com/products/electronics/gps-devices/cycling-gps/5903128-bryton-rider-50e-gps-computer
5903139,Cateye Inou Camera And GPS Logger,http://tribesports.com/products/electronics/gps-devices/cycling-gps/5903139-cateye-inou-camera-and-gps-logger
5903359,Garmin GPS Oregon 400T,http://tribesports.com/products/electronics/gps-devices/cycling-gps/5903359-garmin-gps-oregon-400t
5903360,Garmin Edge 500 HRM & Cadence,http://tribesports.com/products/electronics/gps-devices/cycling-gps/5903360-garmin-edge-500-hrm-cadence
5903364,Garmin Edge 800 GPS Silicone Case,http://tribesports.com/products/electronics/gps-devices/cycling-gps/5903364-garmin-edge-800-gps-silicone-case
6294678,Garmin Forerunner 910XT with Heart Rate Monitor,http://tribesports.com/products/electronics/gps-devices/cycling-gps/6294678-garmin-forerunner-910xt-with-heart-rate-monitor
6453312,Bryton Rider 40E GPS,http://tribesports.com/products/electronics/gps-devices/cycling-gps/6453312-bryton-rider-40e-gps
6529834,Bryton Rider 20E GPS,http://tribesports.com/products/electronics/gps-devices/cycling-gps/6529834-bryton-rider-20e-gps
6640115,Bryton Rider 50E GPS Computer,http://tribesports.com/products/electronics/gps-devices/cycling-gps/6640115-bryton-rider-50e-gps-computer
6640116,Bryton Rider 20 GPS Computer with Heart Rate Monitor,http://tribesports.com/products/electronics/gps-devices/cycling-gps/6640116-bryton-rider-20-gps-computer-with-heart-rate-monitor
6640117,Bryton Rider 35E GPS Computer,http://tribesports.com/products/electronics/gps-devices/cycling-gps/6640117-bryton-rider-35e-gps-computer
6640118,Bryton Rider 35T GPS Computer with Heart Rate Monitor,http://tribesports.com/products/electronics/gps-devices/cycling-gps/6640118-bryton-rider-35t-gps-computer-with-heart-rate-monitor
6640119,Bryton Rider 40E GPS Computer,http://tribesports.com/products/electronics/gps-devices/cycling-gps/6640119-bryton-rider-40e-gps-computer
6640120,Bryton Rider 40T GPS Computer with Heart Rate Monitor,http://tribesports.com/products/electronics/gps-devices/cycling-gps/6640120-bryton-rider-40t-gps-computer-with-heart-rate-monitor
6640121,Bryton Rider 50T GPS Computer with Heart Rate Monitor,http://tribesports.com/products/electronics/gps-devices/cycling-gps/6640121-bryton-rider-50t-gps-computer-with-heart-rate-monitor
6640122,Bryton Cardio 30E GPS Sports Watch,http://tribesports.com/products/electronics/gps-devices/cycling-gps/6640122-bryton-cardio-30e-gps-sports-watch
6640123,Bryton Rider 20E GPS Computer,http://tribesports.com/products/electronics/gps-devices/cycling-gps/6640123-bryton-rider-20e-gps-computer
6640124,Bryton Cardio 30T GPS Sports Watch/Heart Rate Monitor,http://tribesports.com/products/electronics/gps-devices/cycling-gps/6640124-bryton-cardio-30t-gps-sports-watchheart-rate-monitor
6759815,Garmin Edge 500 Red HRM and Cadence Bundle,http://tribesports.com/products/electronics/gps-devices/cycling-gps/6759815-garmin-edge-500-red-hrm-and-cadence-bundle
6779119,nuvi 2585TV GPS for Europe,http://tribesports.com/products/electronics/gps-devices/cycling-gps/6779119-nuvi-2585tv-gps-for-europe
6797795,Bryton Rider 20E GPS Computer,http://tribesports.com/products/electronics/gps-devices/cycling-gps/6797795-bryton-rider-20e-gps-computer
6797796,Bryton Rider 20T GPS Computer,http://tribesports.com/products/electronics/gps-devices/cycling-gps/6797796-bryton-rider-20t-gps-computer
6798313,Garmin GPS Edge 705,http://tribesports.com/products/electronics/gps-devices/cycling-gps/6798313-garmin-gps-edge-705
6823654,Bryton Rider 50T GPS with Heart Rate & Cadence,http://tribesports.com/products/electronics/gps-devices/cycling-gps/6823654-bryton-rider-50t-gps-with-heart-rate-cadence
6823655,Bryton Rider 50E GPS,http://tribesports.com/products/electronics/gps-devices/cycling-gps/6823655-bryton-rider-50e-gps
6824533,Cateye INOU GPS & Camera,http://tribesports.com/products/electronics/gps-devices/cycling-gps/6824533-cateye-inou-gps-camera
6826854,Polar RCX5 TDF Heart Rate Montitor RCX5 GPS,http://tribesports.com/products/electronics/gps-devices/cycling-gps/6826854-polar-rcx5-tdf-heart-rate-montitor-rcx5-gps
6827007,Garmin Edge 500 Black GPS Computer,http://tribesports.com/products/electronics/gps-devices/cycling-gps/6827007-garmin-edge-500-black-gps-computer
6874887,Bryton Rider 35E GPS,http://tribesports.com/products/electronics/gps-devices/cycling-gps/6874887-bryton-rider-35e-gps
6874900,Bryton Rider 40E GPS,http://tribesports.com/products/electronics/gps-devices/cycling-gps/6874900-bryton-rider-40e-gps
6934492,Bryton Rider 40E Including Free Heart Rate Strap,http://tribesports.com/products/electronics/gps-devices/cycling-gps/6934492-bryton-rider-40e-including-free-heart-rate-strap
6934493,Bryton Rider 40T GPS Computer,http://tribesports.com/products/electronics/gps-devices/cycling-gps/6934493-bryton-rider-40t-gps-computer
6965943,Garmin Colorado 400t GPS,http://tribesports.com/products/electronics/gps-devices/cycling-gps/6965943-garmin-colorado-400t-gps
6976670,MAGELLAN eXplorist 310 GPS,http://tribesports.com/products/electronics/gps-devices/cycling-gps/6976670-magellan-explorist-310-gps
7051837,Magellan eXplorist 310 GPS with National Geographic TOPO! Maps,http://tribesports.com/products/electronics/gps-devices/cycling-gps/7051837-magellan-explorist-310-gps-with-national-geographic-topo-maps
7051838,Magellan eXplorist 110 GPS,http://tribesports.com/products/electronics/gps-devices/cycling-gps/7051838-magellan-explorist-110-gps
7093327,Garmin Oregon 450 Mapping Handheld GPS Unit,http://tribesports.com/products/electronics/gps-devices/cycling-gps/7093327-garmin-oregon-450-mapping-handheld-gps-unit
7093328,Garmin Oregon 450t Mapping Handheld GPS Unit,http://tribesports.com/products/electronics/gps-devices/cycling-gps/7093328-garmin-oregon-450t-mapping-handheld-gps-unit
7093329,Garmin Oregon 550 Mapping Handheld GPS Unit,http://tribesports.com/products/electronics/gps-devices/cycling-gps/7093329-garmin-oregon-550-mapping-handheld-gps-unit
7093330,Garmin Oregon 550t Mapping Handheld GPS Unit,http://tribesports.com/products/electronics/gps-devices/cycling-gps/7093330-garmin-oregon-550t-mapping-handheld-gps-unit
7093331,Garmin Oregon 550 Mapping Handheld GPS Unit with UK 1:50K,http://tribesports.com/products/electronics/gps-devices/cycling-gps/7093331-garmin-oregon-550-mapping-handheld-gps-unit-with-uk-150k
7093332,Garmin Oregon 550t Mapping Handheld GPS Unit with Garmin TOPO Europe & UK 1:50K,http://tribesports.com/products/electronics/gps-devices/cycling-gps/7093332-garmin-oregon-550t-mapping-handheld-gps-unit-with-garmin-topo-europe-uk-150k
7093333,Garmin Dakota 10 Mapping Handheld GPS Unit,http://tribesports.com/products/electronics/gps-devices/cycling-gps/7093333-garmin-dakota-10-mapping-handheld-gps-unit
7093334,Garmin Dakota 20 Mapping Handheld GPS Unit,http://tribesports.com/products/electronics/gps-devices/cycling-gps/7093334-garmin-dakota-20-mapping-handheld-gps-unit
7093335,Garmin eTrex Vista HCx Mapping Handheld GPS Unit,http://tribesports.com/products/electronics/gps-devices/cycling-gps/7093335-garmin-etrex-vista-hcx-mapping-handheld-gps-unit
7093337,Garmin eTrex Vista H Mapping Handheld GPS Unit,http://tribesports.com/products/electronics/gps-devices/cycling-gps/7093337-garmin-etrex-vista-h-mapping-handheld-gps-unit
7093338,Garmin eTrex Venture HC Mapping Handheld GPS Unit,http://tribesports.com/products/electronics/gps-devices/cycling-gps/7093338-garmin-etrex-venture-hc-mapping-handheld-gps-unit
7093339,Garmin eTrex Legend H Mapping Handheld GPS Unit,http://tribesports.com/products/electronics/gps-devices/cycling-gps/7093339-garmin-etrex-legend-h-mapping-handheld-gps-unit
7093340,Garmin eTrex 10 Handheld GPS Unit,http://tribesports.com/products/electronics/gps-devices/cycling-gps/7093340-garmin-etrex-10-handheld-gps-unit
7093341,Garmin eTrex 20 Handheld GPS Unit,http://tribesports.com/products/electronics/gps-devices/cycling-gps/7093341-garmin-etrex-20-handheld-gps-unit
7093342,Garmin eTrex 30 Handheld GPS Unit,http://tribesports.com/products/electronics/gps-devices/cycling-gps/7093342-garmin-etrex-30-handheld-gps-unit
7144574,2370LT GPS nuvi Europe,http://tribesports.com/products/electronics/gps-devices/cycling-gps/7144574-2370lt-gps-nuvi-europe
7144575,Zumo 220 Motorbike GPS for Europe (refurbished),http://tribesports.com/products/electronics/gps-devices/cycling-gps/7144575-zumo-220-motorbike-gps-for-europe-refurbished
7186516,Garmin Edge 500 GPS with Cadence and Heart Rate Silver / Blue,http://tribesports.com/products/electronics/gps-devices/cycling-gps/7186516-garmin-edge-500-gps-with-cadence-and-heart-rate-silver-blue
7186517,Garmin Edge 500 GPS with Cadence and Heart Rate Silver / Black,http://tribesports.com/products/electronics/gps-devices/cycling-gps/7186517-garmin-edge-500-gps-with-cadence-and-heart-rate-silver-black
7195306,nüvi 2495LMT GPS for Europe,http://tribesports.com/products/electronics/gps-devices/cycling-gps/7195306-nvi-2495lmt-gps-for-europe
7195354,Ulti X570 Camp GPS for Europe,http://tribesports.com/products/electronics/gps-devices/cycling-gps/7195354-ulti-x570-camp-gps-for-europe
7195355,ulti X550 TRUCK GPS for Europe,http://tribesports.com/products/electronics/gps-devices/cycling-gps/7195355-ulti-x550-truck-gps-for-europe
7195361,Start 60 GPS for Europe,http://tribesports.com/products/electronics/gps-devices/cycling-gps/7195361-start-60-gps-for-europe
7195362,Via 130 GPS for Europe,http://tribesports.com/products/electronics/gps-devices/cycling-gps/7195362-via-130-gps-for-europe
7195365,nüvi 2595LMT GPS for Europe,http://tribesports.com/products/electronics/gps-devices/cycling-gps/7195365-nvi-2595lmt-gps-for-europe
7195366,nüvi 2445LMT GPS for Europe,http://tribesports.com/products/electronics/gps-devices/cycling-gps/7195366-nvi-2445lmt-gps-for-europe
7218245,Via 135 GPS for Europe,http://tribesports.com/products/electronics/gps-devices/cycling-gps/7218245-via-135-gps-for-europe
7232067,nüvi 2455 GPS Sat Nav,http://tribesports.com/products/electronics/gps-devices/cycling-gps/7232067-nvi-2455-gps-sat-nav
7232079,Nuvi 30 GPS Sat Nav,http://tribesports.com/products/electronics/gps-devices/cycling-gps/7232079-nuvi-30-gps-sat-nav
7232082,Start 60 GPS Sat Nav,http://tribesports.com/products/electronics/gps-devices/cycling-gps/7232082-start-60-gps-sat-nav
7235981,nüvi 2340LT GPS for Europe,http://tribesports.com/products/electronics/gps-devices/cycling-gps/7235981-nvi-2340lt-gps-for-europe
7236248,New XL GPS for Europe (22 countries) - refurbished,http://tribesports.com/products/electronics/gps-devices/cycling-gps/7236248-new-xl-gps-for-europe-22-countries-refurbished
7276083,Garmin Edge 800 GPS Enabled Computer Trail Bundle,http://tribesports.com/products/electronics/gps-devices/cycling-gps/7276083-garmin-edge-800-gps-enabled-computer-trail-bundle
7276084,Garmin Edge 800 GPS Enabled Computer Enduro Bundle,http://tribesports.com/products/electronics/gps-devices/cycling-gps/7276084-garmin-edge-800-gps-enabled-computer-enduro-bundle
7276085,Garmin Edge 800 GPS Enabled Computer Road Performance Bundle,http://tribesports.com/products/electronics/gps-devices/cycling-gps/7276085-garmin-edge-800-gps-enabled-computer-road-performance-bundle
7276088,Garmin Edge 500 GPS with Cadence and Heart Rate Red / Black,http://tribesports.com/products/electronics/gps-devices/cycling-gps/7276088-garmin-edge-500-gps-with-cadence-and-heart-rate-red-black
7308964,Polar RCX3M GPS,http://tribesports.com/products/electronics/gps-devices/cycling-gps/7308964-polar-rcx3m-gps
7308965,Polar RCX3F GPS,http://tribesports.com/products/electronics/gps-devices/cycling-gps/7308965-polar-rcx3f-gps
7325179,nüvi 3590LMT GPS for Europe,http://tribesports.com/products/electronics/gps-devices/cycling-gps/7325179-nvi-3590lmt-gps-for-europe
7329724,mini 340 Motorbike GPS for Europe,http://tribesports.com/products/electronics/gps-devices/cycling-gps/7329724-mini-340-motorbike-gps-for-europe
7358696,Edge 500 GPS-based Bike Computer,http://tribesports.com/products/electronics/gps-devices/cycling-gps/7358696-edge-500-gps-based-bike-computer
7368656,Mio Cyclo 300R Cycle Computer & GPS System,http://tribesports.com/products/electronics/gps-devices/cycling-gps/7368656-mio-cyclo-300r-cycle-computer-gps-system
7372784,Garmin GPS Forerunner Foot Pod,http://tribesports.com/products/electronics/gps-devices/cycling-gps/7372784-garmin-gps-forerunner-foot-pod
7412981,Garmin GPS Forerunner 210,http://tribesports.com/products/electronics/gps-devices/cycling-gps/7412981-garmin-gps-forerunner-210
7412982,Garmin GPS Etrex 10 GPS,http://tribesports.com/products/electronics/gps-devices/cycling-gps/7412982-garmin-gps-etrex-10-gps
7412983,Garmin GPS Etrex 20 GPS,http://tribesports.com/products/electronics/gps-devices/cycling-gps/7412983-garmin-gps-etrex-20-gps
7412984,Garmin GPS Montana 600 GPS,http://tribesports.com/products/electronics/gps-devices/cycling-gps/7412984-garmin-gps-montana-600-gps
7412985,Garmin GPS Montana 650 GPS,http://tribesports.com/products/electronics/gps-devices/cycling-gps/7412985-garmin-gps-montana-650-gps
7417709,Garmin GPS Speed/ Cadence Sensor GSC 10,http://tribesports.com/products/electronics/gps-devices/cycling-gps/7417709-garmin-gps-speed-cadence-sensor-gsc-10
7417714,Garmin GPS Montana 650T GPS,http://tribesports.com/products/electronics/gps-devices/cycling-gps/7417714-garmin-gps-montana-650t-gps
7591121,GARMIN eTrex Venture HC GPS,http://tribesports.com/products/electronics/gps-devices/cycling-gps/7591121-garmin-etrex-venture-hc-gps
