127667,Berghaus  Akka Down Jacket,http://tribesports.com/products/apparel/sports-clothing/sports-jackets/down-jackets/127667-berghaus-akka-down-jacket
127770,Berghaus  Ladies Akka Down Jacket,http://tribesports.com/products/apparel/sports-clothing/sports-jackets/down-jackets/127770-berghaus-ladies-akka-down-jacket
1252151,"""Ducedown Jacket""",http://tribesports.com/products/apparel/sports-clothing/sports-jackets/down-jackets/1252151-ducedown-jacket
1252290,"""Natasza Twisted Down Jacket""",http://tribesports.com/products/apparel/sports-clothing/sports-jackets/down-jackets/1252290-natasza-twisted-down-jacket
2363558,Nike Basic (3y-8y) Boys' Down Jacket,http://tribesports.com/products/apparel/sports-clothing/sports-jackets/down-jackets/2363558-nike-basic-3y-8y-boys-down-jacket
2363560,Nike Basic (3y-8y) Boys' Down Jacket,http://tribesports.com/products/apparel/sports-clothing/sports-jackets/down-jackets/2363560-nike-basic-3y-8y-boys-down-jacket
2521893,Nike Cascade Hooded Men's Down Jacket,http://tribesports.com/products/apparel/sports-clothing/sports-jackets/down-jackets/2521893-nike-cascade-hooded-mens-down-jacket
2521953,Nike Basic (3y-8y) Boys' Down Jacket,http://tribesports.com/products/apparel/sports-clothing/sports-jackets/down-jackets/2521953-nike-basic-3y-8y-boys-down-jacket
2535778,Nike Manchester United Football Club Basic Men's Down Jacket,http://tribesports.com/products/apparel/sports-clothing/sports-jackets/down-jackets/2535778-nike-manchester-united-football-club-basic-mens-down-jacket
2535779,Nike Arsenal Football Club Basic Men's Down Jacket,http://tribesports.com/products/apparel/sports-clothing/sports-jackets/down-jackets/2535779-nike-arsenal-football-club-basic-mens-down-jacket
2690387,Bonfire Women's Astro Down Jacket,http://tribesports.com/products/apparel/sports-clothing/sports-jackets/down-jackets/2690387-bonfire-womens-astro-down-jacket
2694225,Thirty Two Men's Lowdown Jacket,http://tribesports.com/products/apparel/sports-clothing/sports-jackets/down-jackets/2694225-thirty-two-mens-lowdown-jacket
2694227,Thirty Two Men's Lowdown Jacket,http://tribesports.com/products/apparel/sports-clothing/sports-jackets/down-jackets/2694227-thirty-two-mens-lowdown-jacket
2923101,adidas Performance PREDATOR ST DOWN Winter Jacket blue,http://tribesports.com/products/apparel/sports-clothing/sports-jackets/down-jackets/2923101-adidas-performance-predator-st-down-winter-jacket-blue
2931188,adidas Performance DOWN JACKET FUR Winter Jacket blue,http://tribesports.com/products/apparel/sports-clothing/sports-jackets/down-jackets/2931188-adidas-performance-down-jacket-fur-winter-jacket-blue
2969971,Women's Montreal Down Jacket,http://tribesports.com/products/apparel/sports-clothing/sports-jackets/down-jackets/2969971-womens-montreal-down-jacket
2989382,Berghaus  Ladies Jurra Down Jacket,http://tribesports.com/products/apparel/sports-clothing/sports-jackets/down-jackets/2989382-berghaus-ladies-jurra-down-jacket
3172109,Bonfire Men's Sitka Down Jacket,http://tribesports.com/products/apparel/sports-clothing/sports-jackets/down-jackets/3172109-bonfire-mens-sitka-down-jacket
3238490,Down Jacket,http://tribesports.com/products/apparel/sports-clothing/sports-jackets/down-jackets/3238490-down-jacket
3258214,Down Jacket,http://tribesports.com/products/apparel/sports-clothing/sports-jackets/down-jackets/3258214-down-jacket
3283456,Nikita Women's Chill Factor Down Jacket,http://tribesports.com/products/apparel/sports-clothing/sports-jackets/down-jackets/3283456-nikita-womens-chill-factor-down-jacket
3736001,Womens Microlight Alpine Hoody,http://tribesports.com/products/apparel/sports-clothing/sports-jackets/down-jackets/3736001-womens-microlight-alpine-hoody
3738347,Women's Lyngen Down 750 Jacket,http://tribesports.com/products/apparel/sports-clothing/sports-jackets/down-jackets/3738347-womens-lyngen-down-750-jacket
3739716,Ladies Cocoon Down Jacket,http://tribesports.com/products/apparel/sports-clothing/sports-jackets/down-jackets/3739716-ladies-cocoon-down-jacket
3801029,Kelvinator Hooded Down Jacket,http://tribesports.com/products/apparel/sports-clothing/sports-jackets/down-jackets/3801029-kelvinator-hooded-down-jacket
3817198,Mont Bell Alpine Light Down Jacket - Men's,http://tribesports.com/products/apparel/sports-clothing/sports-jackets/down-jackets/3817198-mont-bell-alpine-light-down-jacket-mens
3817227,Mont Bell EX Light Down Jacket - Men's,http://tribesports.com/products/apparel/sports-clothing/sports-jackets/down-jackets/3817227-mont-bell-ex-light-down-jacket-mens
3819538,Patagonia Wanaka Down Jacket - Men's,http://tribesports.com/products/apparel/sports-clothing/sports-jackets/down-jackets/3819538-patagonia-wanaka-down-jacket-mens
3842598,Burton Allure Puffy Down Jacket - Girls',http://tribesports.com/products/apparel/sports-clothing/sports-jackets/down-jackets/3842598-burton-allure-puffy-down-jacket-girls
3857237,Cappel Clampdown Jacket - Men's,http://tribesports.com/products/apparel/sports-clothing/sports-jackets/down-jackets/3857237-cappel-clampdown-jacket-mens
3860240,Analog Amsterdam Down Jacket - Men's,http://tribesports.com/products/apparel/sports-clothing/sports-jackets/down-jackets/3860240-analog-amsterdam-down-jacket-mens
3860242,Bonfire Sitka Down Jacket - Men's,http://tribesports.com/products/apparel/sports-clothing/sports-jackets/down-jackets/3860242-bonfire-sitka-down-jacket-mens
3860270,DC Silverton Down Jacket - Men's,http://tribesports.com/products/apparel/sports-clothing/sports-jackets/down-jackets/3860270-dc-silverton-down-jacket-mens
3860275,Holden Puffy Down Jacket - Men's,http://tribesports.com/products/apparel/sports-clothing/sports-jackets/down-jackets/3860275-holden-puffy-down-jacket-mens
3860293,LRG Rogue Storm Down Jacket - Men's,http://tribesports.com/products/apparel/sports-clothing/sports-jackets/down-jackets/3860293-lrg-rogue-storm-down-jacket-mens
3860299,Nike Proost Down Jacket - Men's,http://tribesports.com/products/apparel/sports-clothing/sports-jackets/down-jackets/3860299-nike-proost-down-jacket-mens
3860344,ThirtyTwo Stover Down Jacket - Men's,http://tribesports.com/products/apparel/sports-clothing/sports-jackets/down-jackets/3860344-thirtytwo-stover-down-jacket-mens
3860347,Volcom Gigi Puf TDS Down Jacket - Men's,http://tribesports.com/products/apparel/sports-clothing/sports-jackets/down-jackets/3860347-volcom-gigi-puf-tds-down-jacket-mens
3861956,Burton Tabor Down Jacket - Men's,http://tribesports.com/products/apparel/sports-clothing/sports-jackets/down-jackets/3861956-burton-tabor-down-jacket-mens
3862623,Vans Bridger Down Jacket - Men's,http://tribesports.com/products/apparel/sports-clothing/sports-jackets/down-jackets/3862623-vans-bridger-down-jacket-mens
3888879,Outdoor Research Aria Womens Down Jacket,http://tribesports.com/products/apparel/sports-clothing/sports-jackets/down-jackets/3888879-outdoor-research-aria-womens-down-jacket
3888911,Sierra Designs Gnar Down Jacket Mens,http://tribesports.com/products/apparel/sports-clothing/sports-jackets/down-jackets/3888911-sierra-designs-gnar-down-jacket-mens
3889131,Rossignol Chinook Polydown Jacket Men,http://tribesports.com/products/apparel/sports-clothing/sports-jackets/down-jackets/3889131-rossignol-chinook-polydown-jacket-men
3895921,Adidas Hiking 3In1 Climaproof Storm Down Jacket,http://tribesports.com/products/apparel/sports-clothing/sports-jackets/down-jackets/3895921-adidas-hiking-3in1-climaproof-storm-down-jacket
3912958,Mountain Hardwear Women's Downtown Jacket,http://tribesports.com/products/apparel/sports-clothing/sports-jackets/down-jackets/3912958-mountain-hardwear-womens-downtown-jacket
3912976,Mountain Hardwear Women's Downhill Parka (Closeout),http://tribesports.com/products/apparel/sports-clothing/sports-jackets/down-jackets/3912976-mountain-hardwear-womens-downhill-parka-closeout
3912993,Mountain Hardwear Women's Steep Jacket (Closeout),http://tribesports.com/products/apparel/sports-clothing/sports-jackets/down-jackets/3912993-mountain-hardwear-womens-steep-jacket-closeout
3912997,Mountain Hardwear Synchronicity Jacket (Fall 2009),http://tribesports.com/products/apparel/sports-clothing/sports-jackets/down-jackets/3912997-mountain-hardwear-synchronicity-jacket-fall-2009
3913327,Mountain Hardwear Transition Vest 2008,http://tribesports.com/products/apparel/sports-clothing/sports-jackets/down-jackets/3913327-mountain-hardwear-transition-vest-2008
3913336,Mountain Hardwear Women's Downtown Vest,http://tribesports.com/products/apparel/sports-clothing/sports-jackets/down-jackets/3913336-mountain-hardwear-womens-downtown-vest
3914706,Burton Men's Groton Down Jacket,http://tribesports.com/products/apparel/sports-clothing/sports-jackets/down-jackets/3914706-burton-mens-groton-down-jacket
3914712,Burton Men's AK 2L LZ Down Jacket,http://tribesports.com/products/apparel/sports-clothing/sports-jackets/down-jackets/3914712-burton-mens-ak-2l-lz-down-jacket
3914796,Mountain Hardwear Men's LoDown Jacket,http://tribesports.com/products/apparel/sports-clothing/sports-jackets/down-jackets/3914796-mountain-hardwear-mens-lodown-jacket
3914804,Mountain Hardwear Men's Hunker Down Jacket,http://tribesports.com/products/apparel/sports-clothing/sports-jackets/down-jackets/3914804-mountain-hardwear-mens-hunker-down-jacket
3914825,Marmot Mountain Down Jacket (Fall 2010),http://tribesports.com/products/apparel/sports-clothing/sports-jackets/down-jackets/3914825-marmot-mountain-down-jacket-fall-2010
3914927,The North Face Gitter Down Jacket (Fall 2010),http://tribesports.com/products/apparel/sports-clothing/sports-jackets/down-jackets/3914927-the-north-face-gitter-down-jacket-fall-2010
3914932,The North Face Verdi Down Jacket (Fall 2010),http://tribesports.com/products/apparel/sports-clothing/sports-jackets/down-jackets/3914932-the-north-face-verdi-down-jacket-fall-2010
3914970,The North Face Men's Hecktic Down Jacket,http://tribesports.com/products/apparel/sports-clothing/sports-jackets/down-jackets/3914970-the-north-face-mens-hecktic-down-jacket
3914975,The North Face Men's Verdi Down Jacket,http://tribesports.com/products/apparel/sports-clothing/sports-jackets/down-jackets/3914975-the-north-face-mens-verdi-down-jacket
3914986,The North Face Men's Glitchin Down Jacket,http://tribesports.com/products/apparel/sports-clothing/sports-jackets/down-jackets/3914986-the-north-face-mens-glitchin-down-jacket
3915089,Patagonia Men's Wanaka Down Jacket (Fall 2011),http://tribesports.com/products/apparel/sports-clothing/sports-jackets/down-jackets/3915089-patagonia-mens-wanaka-down-jacket-fall-2011
3915094,Patagonia Men's Primo Down Jacket (Fall 2011),http://tribesports.com/products/apparel/sports-clothing/sports-jackets/down-jackets/3915094-patagonia-mens-primo-down-jacket-fall-2011
3915121,Patagonia Men's Ultralight Down Jacket,http://tribesports.com/products/apparel/sports-clothing/sports-jackets/down-jackets/3915121-patagonia-mens-ultralight-down-jacket
3915524,Burton Men's Cushing Down Jacket,http://tribesports.com/products/apparel/sports-clothing/sports-jackets/down-jackets/3915524-burton-mens-cushing-down-jacket
3915652,The North Face Men's Gitter Down Jacket,http://tribesports.com/products/apparel/sports-clothing/sports-jackets/down-jackets/3915652-the-north-face-mens-gitter-down-jacket
3921280,Burton Women's Solace Down Jacket,http://tribesports.com/products/apparel/sports-clothing/sports-jackets/down-jackets/3921280-burton-womens-solace-down-jacket
3921379,Mountain Hardwear Women's LoDown Jacket,http://tribesports.com/products/apparel/sports-clothing/sports-jackets/down-jackets/3921379-mountain-hardwear-womens-lodown-jacket
3921397,Mountain Hardwear Women's Hunker Down Jacket,http://tribesports.com/products/apparel/sports-clothing/sports-jackets/down-jackets/3921397-mountain-hardwear-womens-hunker-down-jacket
3921454,Marmot Women's Mountain Down Jacket,http://tribesports.com/products/apparel/sports-clothing/sports-jackets/down-jackets/3921454-marmot-womens-mountain-down-jacket
3921617,The North Face Women's Helicity Down Jacket,http://tribesports.com/products/apparel/sports-clothing/sports-jackets/down-jackets/3921617-the-north-face-womens-helicity-down-jacket
3921622,The North Face Women's Move Down Jacket,http://tribesports.com/products/apparel/sports-clothing/sports-jackets/down-jackets/3921622-the-north-face-womens-move-down-jacket
3921665,The North Face Women's Glitchin Down Jacket,http://tribesports.com/products/apparel/sports-clothing/sports-jackets/down-jackets/3921665-the-north-face-womens-glitchin-down-jacket
3921704,The North Face Women's Amore Down Jacket,http://tribesports.com/products/apparel/sports-clothing/sports-jackets/down-jackets/3921704-the-north-face-womens-amore-down-jacket
3921707,The North Face Women's Get Down Jacket,http://tribesports.com/products/apparel/sports-clothing/sports-jackets/down-jackets/3921707-the-north-face-womens-get-down-jacket
3921714,The North Face Women's Destiny Down Jacket,http://tribesports.com/products/apparel/sports-clothing/sports-jackets/down-jackets/3921714-the-north-face-womens-destiny-down-jacket
3921788,Patagonia Women's Primo Down Jacket (Fall 2011),http://tribesports.com/products/apparel/sports-clothing/sports-jackets/down-jackets/3921788-patagonia-womens-primo-down-jacket-fall-2011
3921792,Patagonia Women's Pipe Down Jacket (Fall 2011),http://tribesports.com/products/apparel/sports-clothing/sports-jackets/down-jackets/3921792-patagonia-womens-pipe-down-jacket-fall-2011
3921816,Patagonia Women's Ultralight Down Jacket,http://tribesports.com/products/apparel/sports-clothing/sports-jackets/down-jackets/3921816-patagonia-womens-ultralight-down-jacket
3922394,Burton Women's AK 2L Flare Down Jacket,http://tribesports.com/products/apparel/sports-clothing/sports-jackets/down-jackets/3922394-burton-womens-ak-2l-flare-down-jacket
3922397,Burton Women's Dandridge Down Jacket,http://tribesports.com/products/apparel/sports-clothing/sports-jackets/down-jackets/3922397-burton-womens-dandridge-down-jacket
3922412,Burton Women's Sage Down Jacket,http://tribesports.com/products/apparel/sports-clothing/sports-jackets/down-jackets/3922412-burton-womens-sage-down-jacket
3922534,The North Face Women's Chaletta Down Jacket,http://tribesports.com/products/apparel/sports-clothing/sports-jackets/down-jackets/3922534-the-north-face-womens-chaletta-down-jacket
3922553,The North Face Women's Gimme More Down Jacket,http://tribesports.com/products/apparel/sports-clothing/sports-jackets/down-jackets/3922553-the-north-face-womens-gimme-more-down-jacket
3927881,Marmot Womens Mountain Down Jacket,http://tribesports.com/products/apparel/sports-clothing/sports-jackets/down-jackets/3927881-marmot-womens-mountain-down-jacket
3928790,Marmot Mountain Down Jacket,http://tribesports.com/products/apparel/sports-clothing/sports-jackets/down-jackets/3928790-marmot-mountain-down-jacket
3935357,Patagonia Kids Down Jacket,http://tribesports.com/products/apparel/sports-clothing/sports-jackets/down-jackets/3935357-patagonia-kids-down-jacket
3935368,Patagonia Mens Wanaka Down Jacket,http://tribesports.com/products/apparel/sports-clothing/sports-jackets/down-jackets/3935368-patagonia-mens-wanaka-down-jacket
3935594,Patagonia Mens Caulder Down Jacket,http://tribesports.com/products/apparel/sports-clothing/sports-jackets/down-jackets/3935594-patagonia-mens-caulder-down-jacket
3935694,Patagonia Womens Aliso Down Jacket,http://tribesports.com/products/apparel/sports-clothing/sports-jackets/down-jackets/3935694-patagonia-womens-aliso-down-jacket
3935963,Patagonia Mens Ultralight Down Jacket,http://tribesports.com/products/apparel/sports-clothing/sports-jackets/down-jackets/3935963-patagonia-mens-ultralight-down-jacket
3936000,Patagonia Womens Ultralight Down Jacket,http://tribesports.com/products/apparel/sports-clothing/sports-jackets/down-jackets/3936000-patagonia-womens-ultralight-down-jacket
3948712,Fire and Ice Annie-D Down Jacket (Women's),http://tribesports.com/products/apparel/sports-clothing/sports-jackets/down-jackets/3948712-fire-and-ice-annie-d-down-jacket-womens
3968183,The North Face Transit Down Jacket (Women's),http://tribesports.com/products/apparel/sports-clothing/sports-jackets/down-jackets/3968183-the-north-face-transit-down-jacket-womens
3969692,UGG Maralah Down Jacket (Women's),http://tribesports.com/products/apparel/sports-clothing/sports-jackets/down-jackets/3969692-ugg-maralah-down-jacket-womens
3984869,Patagonia Ultralight Down Jacket (Womens),http://tribesports.com/products/apparel/sports-clothing/sports-jackets/down-jackets/3984869-patagonia-ultralight-down-jacket-womens
4071121,Men's Wanaka Down Jacket,http://tribesports.com/products/apparel/sports-clothing/sports-jackets/down-jackets/4071121-mens-wanaka-down-jacket
4087859,Burton Womens Mecca Trench Down Jacket 2012,http://tribesports.com/products/apparel/sports-clothing/sports-jackets/down-jackets/4087859-burton-womens-mecca-trench-down-jacket-2012
4151287,The North Face Transit Down Jacket - Girls,http://tribesports.com/products/apparel/sports-clothing/sports-jackets/down-jackets/4151287-the-north-face-transit-down-jacket-girls
4151300,The North Face Aerial Down Jacket - Girls,http://tribesports.com/products/apparel/sports-clothing/sports-jackets/down-jackets/4151300-the-north-face-aerial-down-jacket-girls
4151862,Burton Indie Down Jacket - Boys,http://tribesports.com/products/apparel/sports-clothing/sports-jackets/down-jackets/4151862-burton-indie-down-jacket-boys
4172896,Spyder Timeless Hoody Down Jacket - Womens,http://tribesports.com/products/apparel/sports-clothing/sports-jackets/down-jackets/4172896-spyder-timeless-hoody-down-jacket-womens
4173007,Mountain Hardwear Lodown Jacket - Womens,http://tribesports.com/products/apparel/sports-clothing/sports-jackets/down-jackets/4173007-mountain-hardwear-lodown-jacket-womens
4173519,Patagonia Pipe Down Jacket - Womens,http://tribesports.com/products/apparel/sports-clothing/sports-jackets/down-jackets/4173519-patagonia-pipe-down-jacket-womens
4173683,The North Face Amore Down Jacket - Womens,http://tribesports.com/products/apparel/sports-clothing/sports-jackets/down-jackets/4173683-the-north-face-amore-down-jacket-womens
4173689,The North Face Destiny Down Jacket - Womens,http://tribesports.com/products/apparel/sports-clothing/sports-jackets/down-jackets/4173689-the-north-face-destiny-down-jacket-womens
4173849,Burton Solace Down Jacket - Womens,http://tribesports.com/products/apparel/sports-clothing/sports-jackets/down-jackets/4173849-burton-solace-down-jacket-womens
4290216,Burton Indie Down Jacket - Boys',http://tribesports.com/products/apparel/sports-clothing/sports-jackets/down-jackets/4290216-burton-indie-down-jacket-boys
4311191,Patagonia Caulder Down Jacket - Men's,http://tribesports.com/products/apparel/sports-clothing/sports-jackets/down-jackets/4311191-patagonia-caulder-down-jacket-mens
4311197,Patagonia Wanaka Down Jacket - Men's,http://tribesports.com/products/apparel/sports-clothing/sports-jackets/down-jackets/4311197-patagonia-wanaka-down-jacket-mens
4530655,The North Face Glitchin Down Jacket - Womens,http://tribesports.com/products/apparel/sports-clothing/sports-jackets/down-jackets/4530655-the-north-face-glitchin-down-jacket-womens
4622030,Women's Ultralight Down Jacket,http://tribesports.com/products/apparel/sports-clothing/sports-jackets/down-jackets/4622030-womens-ultralight-down-jacket
4624195,Cool Down Jacket,http://tribesports.com/products/apparel/sports-clothing/sports-jackets/down-jackets/4624195-cool-down-jacket
4625875,Patagonia Down Jacket Fall 2011,http://tribesports.com/products/apparel/sports-clothing/sports-jackets/down-jackets/4625875-patagonia-down-jacket-fall-2011
4625889,Patagonia Down Jacket Fall 2011,http://tribesports.com/products/apparel/sports-clothing/sports-jackets/down-jackets/4625889-patagonia-down-jacket-fall-2011
4630867,Rocket Down Jacket Mens,http://tribesports.com/products/apparel/sports-clothing/sports-jackets/down-jackets/4630867-rocket-down-jacket-mens
4630869,Mens Dolomite Down Jacket,http://tribesports.com/products/apparel/sports-clothing/sports-jackets/down-jackets/4630869-mens-dolomite-down-jacket
5223891,Mountain Hardwear Hunker Down Jacket Men,http://tribesports.com/products/apparel/sports-clothing/sports-jackets/down-jackets/5223891-mountain-hardwear-hunker-down-jacket-men
5288810,Patagonia Mens Fitz Roy Down Jacket,http://tribesports.com/products/apparel/sports-clothing/sports-jackets/down-jackets/5288810-patagonia-mens-fitz-roy-down-jacket
5288897,Patagonia Mens Fitz Roy Down Jacket,http://tribesports.com/products/apparel/sports-clothing/sports-jackets/down-jackets/5288897-patagonia-mens-fitz-roy-down-jacket
5292432,Burton Sage Down Jacket - Women's - 10/11,http://tribesports.com/products/apparel/sports-clothing/sports-jackets/down-jackets/5292432-burton-sage-down-jacket-womens-1011
5292496,686 Reserved Plaid Class Down Jacket - Women's - 10/11,http://tribesports.com/products/apparel/sports-clothing/sports-jackets/down-jackets/5292496-686-reserved-plaid-class-down-jacket-womens-1011
5292499,686 Reserved Class Down Jacket - Women's - 10/11,http://tribesports.com/products/apparel/sports-clothing/sports-jackets/down-jackets/5292499-686-reserved-class-down-jacket-womens-1011
5533197,Spyder Dolomite Down Jacket - Junior Girl's - 10/11,http://tribesports.com/products/apparel/sports-clothing/sports-jackets/down-jackets/5533197-spyder-dolomite-down-jacket-junior-girls-1011
5533700,Helly Hansen Mission Down Jacket - Men's - 2011/2012,http://tribesports.com/products/apparel/sports-clothing/sports-jackets/down-jackets/5533700-helly-hansen-mission-down-jacket-mens-20112012
5533706,The North Face Gatebreak Down Jacket - Men's,http://tribesports.com/products/apparel/sports-clothing/sports-jackets/down-jackets/5533706-the-north-face-gatebreak-down-jacket-mens
5533710,Rab Microlight Down Jacket - Men's,http://tribesports.com/products/apparel/sports-clothing/sports-jackets/down-jackets/5533710-rab-microlight-down-jacket-mens
5533716,Outdoor Research Virtuoso Down Jacket - Men's,http://tribesports.com/products/apparel/sports-clothing/sports-jackets/down-jackets/5533716-outdoor-research-virtuoso-down-jacket-mens
5533754,The North Face Hecktic Down Jacket - Men's - 2011/2012,http://tribesports.com/products/apparel/sports-clothing/sports-jackets/down-jackets/5533754-the-north-face-hecktic-down-jacket-mens-20112012
5534195,Men's Flex Down Jacket,http://tribesports.com/products/apparel/sports-clothing/sports-jackets/down-jackets/5534195-mens-flex-down-jacket
5534311,Men's Caulder Down Jacket,http://tribesports.com/products/apparel/sports-clothing/sports-jackets/down-jackets/5534311-mens-caulder-down-jacket
5534325,Men's Wanaka Down Jacket,http://tribesports.com/products/apparel/sports-clothing/sports-jackets/down-jackets/5534325-mens-wanaka-down-jacket
5534341,Men's Primo Down Jacket,http://tribesports.com/products/apparel/sports-clothing/sports-jackets/down-jackets/5534341-mens-primo-down-jacket
5534732,Men's Ultralight Down Jacket,http://tribesports.com/products/apparel/sports-clothing/sports-jackets/down-jackets/5534732-mens-ultralight-down-jacket
5535139,Men's Hiking Hybrid Down Jacket,http://tribesports.com/products/apparel/sports-clothing/sports-jackets/down-jackets/5535139-mens-hiking-hybrid-down-jacket
5535160,Men's Hiking 3 In 1 Climaproof Storm Down Jacket,http://tribesports.com/products/apparel/sports-clothing/sports-jackets/down-jackets/5535160-mens-hiking-3-in-1-climaproof-storm-down-jacket
5535175,Men's Super Trekking Light Down Jacket,http://tribesports.com/products/apparel/sports-clothing/sports-jackets/down-jackets/5535175-mens-super-trekking-light-down-jacket
5535433,Women's Aliso Down Jacket,http://tribesports.com/products/apparel/sports-clothing/sports-jackets/down-jackets/5535433-womens-aliso-down-jacket
5535477,Women's Primo Down Jacket,http://tribesports.com/products/apparel/sports-clothing/sports-jackets/down-jackets/5535477-womens-primo-down-jacket
5535481,Women's Pipe Down Jacket,http://tribesports.com/products/apparel/sports-clothing/sports-jackets/down-jackets/5535481-womens-pipe-down-jacket
5535639,Women's Mountain Down Jacket,http://tribesports.com/products/apparel/sports-clothing/sports-jackets/down-jackets/5535639-womens-mountain-down-jacket
5536041,Women's ST Tuolumne Down Jacket,http://tribesports.com/products/apparel/sports-clothing/sports-jackets/down-jackets/5536041-womens-st-tuolumne-down-jacket
5536068,Women's Hiking Down Jacket,http://tribesports.com/products/apparel/sports-clothing/sports-jackets/down-jackets/5536068-womens-hiking-down-jacket
5536186,Women's Hiking 3 In1 Climaproof Storm Down Jacket,http://tribesports.com/products/apparel/sports-clothing/sports-jackets/down-jackets/5536186-womens-hiking-3-in1-climaproof-storm-down-jacket
5536193,Women's Super Trekking Light Down Jacket,http://tribesports.com/products/apparel/sports-clothing/sports-jackets/down-jackets/5536193-womens-super-trekking-light-down-jacket
5536445,Women's Flex Down Jacket,http://tribesports.com/products/apparel/sports-clothing/sports-jackets/down-jackets/5536445-womens-flex-down-jacket
5536484,Kid's Down Jacket,http://tribesports.com/products/apparel/sports-clothing/sports-jackets/down-jackets/5536484-kids-down-jacket
5710016,Womens Microlight Alpine Hoody,http://tribesports.com/products/apparel/sports-clothing/sports-jackets/down-jackets/5710016-womens-microlight-alpine-hoody
5716871,Women's Lyngen Down 750 Jacket,http://tribesports.com/products/apparel/sports-clothing/sports-jackets/down-jackets/5716871-womens-lyngen-down-750-jacket
6228338,Patagonia Women's Ultralight Down Jacket,http://tribesports.com/products/apparel/sports-clothing/sports-jackets/down-jackets/6228338-patagonia-womens-ultralight-down-jacket
6229265,Women's Ultralight Down Jacket,http://tribesports.com/products/apparel/sports-clothing/sports-jackets/down-jackets/6229265-womens-ultralight-down-jacket
6376613,Trespass Sysrus Down Jacket,http://tribesports.com/products/apparel/sports-clothing/sports-jackets/down-jackets/6376613-trespass-sysrus-down-jacket
6376615,Trespass Sysrus Down Jacket,http://tribesports.com/products/apparel/sports-clothing/sports-jackets/down-jackets/6376615-trespass-sysrus-down-jacket
6376618,Trespass Sysrus Down Jacket,http://tribesports.com/products/apparel/sports-clothing/sports-jackets/down-jackets/6376618-trespass-sysrus-down-jacket
6376619,Trespass Sysrus Down Jacket,http://tribesports.com/products/apparel/sports-clothing/sports-jackets/down-jackets/6376619-trespass-sysrus-down-jacket
6376712,Trespass Ladies Amzie Down Jacket,http://tribesports.com/products/apparel/sports-clothing/sports-jackets/down-jackets/6376712-trespass-ladies-amzie-down-jacket
6376715,Trespass Ladies Amzie Down Jacket,http://tribesports.com/products/apparel/sports-clothing/sports-jackets/down-jackets/6376715-trespass-ladies-amzie-down-jacket
6376717,Trespass Ladies Amzie Down Jacket,http://tribesports.com/products/apparel/sports-clothing/sports-jackets/down-jackets/6376717-trespass-ladies-amzie-down-jacket
6376719,Trespass Ladies Amzie Down Jacket,http://tribesports.com/products/apparel/sports-clothing/sports-jackets/down-jackets/6376719-trespass-ladies-amzie-down-jacket
6376721,Trespass Ladies Amzie Down Jacket,http://tribesports.com/products/apparel/sports-clothing/sports-jackets/down-jackets/6376721-trespass-ladies-amzie-down-jacket
6376728,Trespass Ladies Soma Down Jacket,http://tribesports.com/products/apparel/sports-clothing/sports-jackets/down-jackets/6376728-trespass-ladies-soma-down-jacket
6376730,Trespass Ladies Soma Down Jacket,http://tribesports.com/products/apparel/sports-clothing/sports-jackets/down-jackets/6376730-trespass-ladies-soma-down-jacket
6376732,Trespass Ladies Ladna Down Jacket,http://tribesports.com/products/apparel/sports-clothing/sports-jackets/down-jackets/6376732-trespass-ladies-ladna-down-jacket
6376734,Trespass Ladies Ladna Down Jacket,http://tribesports.com/products/apparel/sports-clothing/sports-jackets/down-jackets/6376734-trespass-ladies-ladna-down-jacket
6426730,Outdoor Aria Down Vest Ladies,http://tribesports.com/products/apparel/sports-clothing/sports-jackets/down-jackets/6426730-outdoor-aria-down-vest-ladies
6727764,The North Face R.U. Down Jacket,http://tribesports.com/products/apparel/sports-clothing/sports-jackets/down-jackets/6727764-the-north-face-ru-down-jacket
6781259,Men's Mountain Down Jacket,http://tribesports.com/products/apparel/sports-clothing/sports-jackets/down-jackets/6781259-mens-mountain-down-jacket
7386231,Patagonia Girls Down Jacket,http://tribesports.com/products/apparel/sports-clothing/sports-jackets/down-jackets/7386231-patagonia-girls-down-jacket
7386241,Patagonia Mens Bivy Down Jacket,http://tribesports.com/products/apparel/sports-clothing/sports-jackets/down-jackets/7386241-patagonia-mens-bivy-down-jacket
7386242,Patagonia Mens Interlodge Down Jacket,http://tribesports.com/products/apparel/sports-clothing/sports-jackets/down-jackets/7386242-patagonia-mens-interlodge-down-jacket
7492867,Patagonia Womens Aliso Down Jacket,http://tribesports.com/products/apparel/sports-clothing/sports-jackets/down-jackets/7492867-patagonia-womens-aliso-down-jacket
7529428,Berghaus  Jurra Down Jacket,http://tribesports.com/products/apparel/sports-clothing/sports-jackets/down-jackets/7529428-berghaus-jurra-down-jacket
7593044,Boys' Down Jacket,http://tribesports.com/products/apparel/sports-clothing/sports-jackets/down-jackets/7593044-boys-down-jacket
