39338,Dahon Curve D3 2011 Folding Bike,http://tribesports.com/products/cycling/bikes/folding-bikes/39338-dahon-curve-d3-2011-folding-bike
39346,Dahon Espresso 2011 Folding Bike,http://tribesports.com/products/cycling/bikes/folding-bikes/39346-dahon-espresso-2011-folding-bike
39351,Dahon Cadenza P18 2011 Folding Bike,http://tribesports.com/products/cycling/bikes/folding-bikes/39351-dahon-cadenza-p18-2011-folding-bike
39355,Dahon Mu SL 2010 Folding Bike,http://tribesports.com/products/cycling/bikes/folding-bikes/39355-dahon-mu-sl-2010-folding-bike
83012,Apollo Transition Folding Bike,http://tribesports.com/products/cycling/bikes/folding-bikes/83012-apollo-transition-folding-bike
83686,"Apollo Folding Bike 20""",http://tribesports.com/products/cycling/bikes/folding-bikes/83686-apollo-folding-bike-20
422595,Dahon Speed D7 Folding Bike,http://tribesports.com/products/cycling/bikes/folding-bikes/422595-dahon-speed-d7-folding-bike
466275,Brompton Suspension Block Assembly,http://tribesports.com/products/cycling/bikes/folding-bikes/466275-brompton-suspension-block-assembly
466640,Gocycle Compact Seatpost and Seat,http://tribesports.com/products/cycling/bikes/folding-bikes/466640-gocycle-compact-seatpost-and-seat
499560,Brompton Folding Basket,http://tribesports.com/products/cycling/bikes/folding-bikes/499560-brompton-folding-basket
545120,Emmelle Shuttle Folding Bike,http://tribesports.com/products/cycling/bikes/folding-bikes/545120-emmelle-shuttle-folding-bike
545129,Viking Safari SE Equipe Alloy Folder,http://tribesports.com/products/cycling/bikes/folding-bikes/545129-viking-safari-se-equipe-alloy-folder
545131,Dahon Glide P7 light 24 inch Shimano Nexus 7 dark red (2010),http://tribesports.com/products/cycling/bikes/folding-bikes/545131-dahon-glide-p7-light-24-inch-shimano-nexus-7-dark-red-2010
545134,"Ventura Metro Folding Bike 20"" Wheels",http://tribesports.com/products/cycling/bikes/folding-bikes/545134-ventura-metro-folding-bike-20-wheels
545135,Halcyon Unisex Adult Porto 7 Speed Folding Bike,http://tribesports.com/products/cycling/bikes/folding-bikes/545135-halcyon-unisex-adult-porto-7-speed-folding-bike
545139,Halcyon Unisex Adult Arcadia 7 Speed Folding Bike,http://tribesports.com/products/cycling/bikes/folding-bikes/545139-halcyon-unisex-adult-arcadia-7-speed-folding-bike
545144,Dahon Jetstream P8 bronze (2010),http://tribesports.com/products/cycling/bikes/folding-bikes/545144-dahon-jetstream-p8-bronze-2010
545154,Dahon Ciao D3 light 20 inch baltic blue (2010),http://tribesports.com/products/cycling/bikes/folding-bikes/545154-dahon-ciao-d3-light-20-inch-baltic-blue-2010
545155,Dahon Cadenza 26 inch 16-speed black (2010),http://tribesports.com/products/cycling/bikes/folding-bikes/545155-dahon-cadenza-26-inch-16-speed-black-2010
545156,Dahon MTX 26 inch 24-speed gunmetall (2010),http://tribesports.com/products/cycling/bikes/folding-bikes/545156-dahon-mtx-26-inch-24-speed-gunmetall-2010
545157,Dahon Mµ Uno 20 inch shadow black (2010),http://tribesports.com/products/cycling/bikes/folding-bikes/545157-dahon-m-uno-20-inch-shadow-black-2010
545167,Dahon Glide P7 Light 24 inch 7-speed (2010),http://tribesports.com/products/cycling/bikes/folding-bikes/545167-dahon-glide-p7-light-24-inch-7-speed-2010
545170,Dahon MU P8 Folding Bike 2011,http://tribesports.com/products/cycling/bikes/folding-bikes/545170-dahon-mu-p8-folding-bike-2011
551118,Dahon Cadenza Folding Bike,http://tribesports.com/products/cycling/bikes/folding-bikes/551118-dahon-cadenza-folding-bike
618295,Brompton 14 Tooth Sprocket 3mm,http://tribesports.com/products/cycling/bikes/folding-bikes/618295-brompton-14-tooth-sprocket-3mm
833362,Moulton Tour SR DBS Separable Bike,http://tribesports.com/products/cycling/bikes/folding-bikes/833362-moulton-tour-sr-dbs-separable-bike
834494,Oyama East Village Folding Bike 2010,http://tribesports.com/products/cycling/bikes/folding-bikes/834494-oyama-east-village-folding-bike-2010
834500,Oyama St James Folding Bike 2010,http://tribesports.com/products/cycling/bikes/folding-bikes/834500-oyama-st-james-folding-bike-2010
834501,Oyama Bloomsbury Folding Bike 2010,http://tribesports.com/products/cycling/bikes/folding-bikes/834501-oyama-bloomsbury-folding-bike-2010
1046190,Brompton Seat Pillar Bushings and Sleeve,http://tribesports.com/products/cycling/bikes/folding-bikes/1046190-brompton-seat-pillar-bushings-and-sleeve
1046191,Brompton Hinge Spindle,http://tribesports.com/products/cycling/bikes/folding-bikes/1046191-brompton-hinge-spindle
1046192,Brompton Rear Hinge Bush/Spindle Kit,http://tribesports.com/products/cycling/bikes/folding-bikes/1046192-brompton-rear-hinge-bushspindle-kit
1046193,Brompton Rubberised Glue for Seatpost Sleeve,http://tribesports.com/products/cycling/bikes/folding-bikes/1046193-brompton-rubberised-glue-for-seatpost-sleeve
1069639,Claud Butler Nimbus Folding Bike,http://tribesports.com/products/cycling/bikes/folding-bikes/1069639-claud-butler-nimbus-folding-bike
1112477,"Raleigh Rapide Folding Bike - 20""",http://tribesports.com/products/cycling/bikes/folding-bikes/1112477-raleigh-rapide-folding-bike-20
1122038,Raleigh Stash Folder Womens Bike,http://tribesports.com/products/cycling/bikes/folding-bikes/1122038-raleigh-stash-folder-womens-bike
1168964,Brompton HP Replacement Pump,http://tribesports.com/products/cycling/bikes/folding-bikes/1168964-brompton-hp-replacement-pump
1168966,Brompton Handlebar Catch,http://tribesports.com/products/cycling/bikes/folding-bikes/1168966-brompton-handlebar-catch
1168967,Brompton Firm Suspension Block,http://tribesports.com/products/cycling/bikes/folding-bikes/1168967-brompton-firm-suspension-block
1168968,Brompton Non-Folding Right Hand Pedal,http://tribesports.com/products/cycling/bikes/folding-bikes/1168968-brompton-non-folding-right-hand-pedal
1168970,Brompton S Bag Flap Fire Hose,http://tribesports.com/products/cycling/bikes/folding-bikes/1168970-brompton-s-bag-flap-fire-hose
1168971,Brompton S Bag Flap Jack,http://tribesports.com/products/cycling/bikes/folding-bikes/1168971-brompton-s-bag-flap-jack
1168972,Brompton Ortlieb O Bag,http://tribesports.com/products/cycling/bikes/folding-bikes/1168972-brompton-ortlieb-o-bag
1168973,Brompton Standard Rail Saddle,http://tribesports.com/products/cycling/bikes/folding-bikes/1168973-brompton-standard-rail-saddle
1168974,Brompton Leather A Bag,http://tribesports.com/products/cycling/bikes/folding-bikes/1168974-brompton-leather-a-bag
1185398,Brompton P6R-X 2011 Folding Bike,http://tribesports.com/products/cycling/bikes/folding-bikes/1185398-brompton-p6r-x-2011-folding-bike
1224375,Carrera Transport Folding Bike,http://tribesports.com/products/cycling/bikes/folding-bikes/1224375-carrera-transport-folding-bike
1344789,"Raleigh Stash Unisex Folding Bike - Silver, 20 Inch",http://tribesports.com/products/cycling/bikes/folding-bikes/1344789-raleigh-stash-unisex-folding-bike-silver-20-inch
1344792,"Viking Freedom Electric Bike 20"" Wheel 6 Speed",http://tribesports.com/products/cycling/bikes/folding-bikes/1344792-viking-freedom-electric-bike-20-wheel-6-speed
1475867,Dahon Vitesse D7 Light 20 inch (2010),http://tribesports.com/products/cycling/bikes/folding-bikes/1475867-dahon-vitesse-d7-light-20-inch-2010
1475868,Dahon Speed TR light 20 inch forest green (2011),http://tribesports.com/products/cycling/bikes/folding-bikes/1475868-dahon-speed-tr-light-20-inch-forest-green-2011
1519273,Dahon Cadenza 26 inch 8-speed smoke (2010),http://tribesports.com/products/cycling/bikes/folding-bikes/1519273-dahon-cadenza-26-inch-8-speed-smoke-2010
1519277,Folding Bike Dahon Flo (2010),http://tribesports.com/products/cycling/bikes/folding-bikes/1519277-folding-bike-dahon-flo-2010
1519279,Dahon Curve 16 inch white (2010),http://tribesports.com/products/cycling/bikes/folding-bikes/1519279-dahon-curve-16-inch-white-2010
1519281,Dahon Mµ XL 20 inch obsidian black (2010),http://tribesports.com/products/cycling/bikes/folding-bikes/1519281-dahon-m-xl-20-inch-obsidian-black-2010
1578642,Giant Subway 2 2011,http://tribesports.com/products/cycling/bikes/folding-bikes/1578642-giant-subway-2-2011
1616549,"Viking Shopper Unisex Six Speed 20"" Wheel Bike",http://tribesports.com/products/cycling/bikes/folding-bikes/1616549-viking-shopper-unisex-six-speed-20-wheel-bike
1616550,Viking Savannah 6 Speed Folding Shopping Bike,http://tribesports.com/products/cycling/bikes/folding-bikes/1616550-viking-savannah-6-speed-folding-shopping-bike
1616552,Reflex Easy Street Unisex Folding Bike,http://tribesports.com/products/cycling/bikes/folding-bikes/1616552-reflex-easy-street-unisex-folding-bike
1649045,Montague Navigator 2012 Folding Bike,http://tribesports.com/products/cycling/bikes/folding-bikes/1649045-montague-navigator-2012-folding-bike
1662690,Brompton Complete Chainset 44 tooth,http://tribesports.com/products/cycling/bikes/folding-bikes/1662690-brompton-complete-chainset-44-tooth
1662692,Brompton Complete Chainset 54 tooth,http://tribesports.com/products/cycling/bikes/folding-bikes/1662692-brompton-complete-chainset-54-tooth
1662693,Brompton Left Hand Crank,http://tribesports.com/products/cycling/bikes/folding-bikes/1662693-brompton-left-hand-crank
1662694,Brompton 44 tooth Chainring and Right Hand Crank,http://tribesports.com/products/cycling/bikes/folding-bikes/1662694-brompton-44-tooth-chainring-and-right-hand-crank
1662697,Brompton Chainring Guard,http://tribesports.com/products/cycling/bikes/folding-bikes/1662697-brompton-chainring-guard
1662698,Brompton L Version Mudguard Set,http://tribesports.com/products/cycling/bikes/folding-bikes/1662698-brompton-l-version-mudguard-set
1662699,Brompton Easy Wheel for E and L Versions without Rack,http://tribesports.com/products/cycling/bikes/folding-bikes/1662699-brompton-easy-wheel-for-e-and-l-versions-without-rack
1662700,Brompton Shimano Hub Dynamo Set including Front Wheel,http://tribesports.com/products/cycling/bikes/folding-bikes/1662700-brompton-shimano-hub-dynamo-set-including-front-wheel
1831771,Viking Cargo Folding Adult Trike 6sp Tricycle,http://tribesports.com/products/cycling/bikes/folding-bikes/1831771-viking-cargo-folding-adult-trike-6sp-tricycle
1849819,Raleigh Parkway Folding Bike Blue,http://tribesports.com/products/cycling/bikes/folding-bikes/1849819-raleigh-parkway-folding-bike-blue
1965142,"16"" Folding Bike, 6 Speed, RED",http://tribesports.com/products/cycling/bikes/folding-bikes/1965142-16-folding-bike-6-speed-red
1965143,"16"" Folding Bike, 6 Speed, SILVER",http://tribesports.com/products/cycling/bikes/folding-bikes/1965143-16-folding-bike-6-speed-silver
1965144,"16"" Folding Bike, 6-speed, BLACK",http://tribesports.com/products/cycling/bikes/folding-bikes/1965144-16-folding-bike-6-speed-black
1965148,Mobiky Genius Folding Bike - 3 seconds folding - BLUE,http://tribesports.com/products/cycling/bikes/folding-bikes/1965148-mobiky-genius-folding-bike-3-seconds-folding-blue
1965149,"20"" Folding Bike, 6-Speed, BLACK",http://tribesports.com/products/cycling/bikes/folding-bikes/1965149-20-folding-bike-6-speed-black
1965150,Mobiky Genius Folding Bike - 3 seconds folding - RED,http://tribesports.com/products/cycling/bikes/folding-bikes/1965150-mobiky-genius-folding-bike-3-seconds-folding-red
1965151,"20"" folding bicycle, 6 - speed Shimano - MTB style - BLACK",http://tribesports.com/products/cycling/bikes/folding-bikes/1965151-20-folding-bicycle-6-speed-shimano-mtb-style-black
1965153,"20"" Aluminium folding bike - SILVER",http://tribesports.com/products/cycling/bikes/folding-bikes/1965153-20-aluminium-folding-bike-silver
1965154,"20"" Folding Bike, 6-Speed, SILVER",http://tribesports.com/products/cycling/bikes/folding-bikes/1965154-20-folding-bike-6-speed-silver
1965155,Urban Lite 1 Magnesium Alloy Folding Bike - only 9.5KG,http://tribesports.com/products/cycling/bikes/folding-bikes/1965155-urban-lite-1-magnesium-alloy-folding-bike-only-95kg
1965156,"20"" Folding Bike, 6-Speed, RED",http://tribesports.com/products/cycling/bikes/folding-bikes/1965156-20-folding-bike-6-speed-red
1965157,"20"" folding bicycle, 6 - speed Shimano - MTB style - SILVER",http://tribesports.com/products/cycling/bikes/folding-bikes/1965157-20-folding-bicycle-6-speed-shimano-mtb-style-silver
1965158,"20"" Folding Bike, 6-Speed, BLUE",http://tribesports.com/products/cycling/bikes/folding-bikes/1965158-20-folding-bike-6-speed-blue
1965161,"20"" folding bicycle, 6 - speed Shimano - MTB style - RED",http://tribesports.com/products/cycling/bikes/folding-bikes/1965161-20-folding-bicycle-6-speed-shimano-mtb-style-red
1965165,"Lombardo Compact 3000 Unisex Lightweight Folding Bike - Silver Alloy, 7 inch",http://tribesports.com/products/cycling/bikes/folding-bikes/1965165-lombardo-compact-3000-unisex-lightweight-folding-bike-silver-alloy-7-inch
1965167,"16"" Folding Bike, 6-speed, BLUE",http://tribesports.com/products/cycling/bikes/folding-bikes/1965167-16-folding-bike-6-speed-blue
1965177,"20"" Aluminium folding bike - BLACK",http://tribesports.com/products/cycling/bikes/folding-bikes/1965177-20-aluminium-folding-bike-black
1965179,Lightweight 6 Speed Folding Bike/Bicycle - Great Christmas Gift,http://tribesports.com/products/cycling/bikes/folding-bikes/1965179-lightweight-6-speed-folding-bikebicycle-great-christmas-gift
1965181,"20"" folding bicycle, 6 - speed Shimano with rear suspension RED",http://tribesports.com/products/cycling/bikes/folding-bikes/1965181-20-folding-bicycle-6-speed-shimano-with-rear-suspension-red
1965182,"Terrabikes 3 Gear Folding Bike 84033 - 20"", Silver",http://tribesports.com/products/cycling/bikes/folding-bikes/1965182-terrabikes-3-gear-folding-bike-84033-20-silver
2359301,Dahon Cadenza XL 2011,http://tribesports.com/products/cycling/bikes/folding-bikes/2359301-dahon-cadenza-xl-2011
2654240,Jango V8i - Folding Bike 2011,http://tribesports.com/products/cycling/bikes/folding-bikes/2654240-jango-v8i-folding-bike-2011
3014862,"20"" folding bicycle, 6 - speed Shimano with rear suspension BLACK",http://tribesports.com/products/cycling/bikes/folding-bikes/3014862-20-folding-bicycle-6-speed-shimano-with-rear-suspension-black
3014865,"16"" Aluminium folding bike - BLACK",http://tribesports.com/products/cycling/bikes/folding-bikes/3014865-16-aluminium-folding-bike-black
3014868,"20"" folding bicycle, 6 - speed Shimano with rear suspension SILVER",http://tribesports.com/products/cycling/bikes/folding-bikes/3014868-20-folding-bicycle-6-speed-shimano-with-rear-suspension-silver
3014869,"20"" folding bicycle, 6 - speed Shimano - MTB style - BLUE",http://tribesports.com/products/cycling/bikes/folding-bikes/3014869-20-folding-bicycle-6-speed-shimano-mtb-style-blue
3014871,"16"" Aluminium folding bike - SILVER",http://tribesports.com/products/cycling/bikes/folding-bikes/3014871-16-aluminium-folding-bike-silver
3014876,"20"" folding bicycle, 6 - speed Shimano with rear suspension WHITE",http://tribesports.com/products/cycling/bikes/folding-bikes/3014876-20-folding-bicycle-6-speed-shimano-with-rear-suspension-white
3015108,Dawes Unisex Diamond Folding Bike - Black,http://tribesports.com/products/cycling/bikes/folding-bikes/3015108-dawes-unisex-diamond-folding-bike-black
3015127,8-Inch of folding bike,http://tribesports.com/products/cycling/bikes/folding-bikes/3015127-8-inch-of-folding-bike
3015133,"16"" Folding Bicycle with 6 - speed Shimano - Rear suspension - BLACK",http://tribesports.com/products/cycling/bikes/folding-bikes/3015133-16-folding-bicycle-with-6-speed-shimano-rear-suspension-black
3015142,Mizani City+ (Black) 6 Speed Folding Bike,http://tribesports.com/products/cycling/bikes/folding-bikes/3015142-mizani-city-black-6-speed-folding-bike
3015206,8-Inch of folding bike,http://tribesports.com/products/cycling/bikes/folding-bikes/3015206-8-inch-of-folding-bike
3015213,"16"" Folding Bicycle with 6 - speed Shimano - Rear suspension - RED",http://tribesports.com/products/cycling/bikes/folding-bikes/3015213-16-folding-bicycle-with-6-speed-shimano-rear-suspension-red
3015215,"16"" Folding Bicycle with 6 - speed Shimano - Rear suspension - SILVER",http://tribesports.com/products/cycling/bikes/folding-bikes/3015215-16-folding-bicycle-with-6-speed-shimano-rear-suspension-silver
3015227,"16"" Folding Bicycle with 6 - speed Shimano - Rear suspension - BLUE",http://tribesports.com/products/cycling/bikes/folding-bikes/3015227-16-folding-bicycle-with-6-speed-shimano-rear-suspension-blue
3015228,aluminum folding bike,http://tribesports.com/products/cycling/bikes/folding-bikes/3015228-aluminum-folding-bike
3015230,Dahon Ciao P7 light 20 inch indigo blue matt (2010),http://tribesports.com/products/cycling/bikes/folding-bikes/3015230-dahon-ciao-p7-light-20-inch-indigo-blue-matt-2010
3015231,Giant Subway anthracite grey (2012),http://tribesports.com/products/cycling/bikes/folding-bikes/3015231-giant-subway-anthracite-grey-2012
3015232,aluminum folding bike,http://tribesports.com/products/cycling/bikes/folding-bikes/3015232-aluminum-folding-bike
3015233,aluminum folding bike,http://tribesports.com/products/cycling/bikes/folding-bikes/3015233-aluminum-folding-bike
3015234,aluminum folding bike,http://tribesports.com/products/cycling/bikes/folding-bikes/3015234-aluminum-folding-bike
3015235,8-Inch of folding bike,http://tribesports.com/products/cycling/bikes/folding-bikes/3015235-8-inch-of-folding-bike
3015236,6-Inch of folding bike,http://tribesports.com/products/cycling/bikes/folding-bikes/3015236-6-inch-of-folding-bike
3015237,Folding Bike Smallest lightest,http://tribesports.com/products/cycling/bikes/folding-bikes/3015237-folding-bike-smallest-lightest
3015238,Folding bike 20-inch,http://tribesports.com/products/cycling/bikes/folding-bikes/3015238-folding-bike-20-inch
3015239,8-Inch of folding bike,http://tribesports.com/products/cycling/bikes/folding-bikes/3015239-8-inch-of-folding-bike
3015240,6-Inch of folding bike,http://tribesports.com/products/cycling/bikes/folding-bikes/3015240-6-inch-of-folding-bike
3015241,6-Inch of folding bike,http://tribesports.com/products/cycling/bikes/folding-bikes/3015241-6-inch-of-folding-bike
3015242,6-Inch of folding bike,http://tribesports.com/products/cycling/bikes/folding-bikes/3015242-6-inch-of-folding-bike
3015243,6-Inch of folding bike,http://tribesports.com/products/cycling/bikes/folding-bikes/3015243-6-inch-of-folding-bike
3015244,folding bike 20-Inch,http://tribesports.com/products/cycling/bikes/folding-bikes/3015244-folding-bike-20-inch
3015245,folding bike 20-Inch,http://tribesports.com/products/cycling/bikes/folding-bikes/3015245-folding-bike-20-inch
3015246,folding bike 20-Inch,http://tribesports.com/products/cycling/bikes/folding-bikes/3015246-folding-bike-20-inch
3015247,folding bike 20-Inch,http://tribesports.com/products/cycling/bikes/folding-bikes/3015247-folding-bike-20-inch
3015248,folding bike 16-Inch,http://tribesports.com/products/cycling/bikes/folding-bikes/3015248-folding-bike-16-inch
3015249,folding bike 20-Inch,http://tribesports.com/products/cycling/bikes/folding-bikes/3015249-folding-bike-20-inch
3015250,folding bike 16-Inch,http://tribesports.com/products/cycling/bikes/folding-bikes/3015250-folding-bike-16-inch
3015251,folding bike 16-Inch,http://tribesports.com/products/cycling/bikes/folding-bikes/3015251-folding-bike-16-inch
3015252,folding bike 16-Inch,http://tribesports.com/products/cycling/bikes/folding-bikes/3015252-folding-bike-16-inch
3123951,Giant Halfway 2 2012,http://tribesports.com/products/cycling/bikes/folding-bikes/3123951-giant-halfway-2-2012
3123952,Giant Halfway City 2 2012,http://tribesports.com/products/cycling/bikes/folding-bikes/3123952-giant-halfway-city-2-2012
3167506,Tern Verge X30h 2012 Folding Bike,http://tribesports.com/products/cycling/bikes/folding-bikes/3167506-tern-verge-x30h-2012-folding-bike
3167507,Tern Verge X20 2012 Folding Bike,http://tribesports.com/products/cycling/bikes/folding-bikes/3167507-tern-verge-x20-2012-folding-bike
3167508,Tern Verge X10 2012 Folding Bike,http://tribesports.com/products/cycling/bikes/folding-bikes/3167508-tern-verge-x10-2012-folding-bike
3167509,Tern Verge S11i 2012 Folding Bike,http://tribesports.com/products/cycling/bikes/folding-bikes/3167509-tern-verge-s11i-2012-folding-bike
3167510,Tern Verge Duo 2012 Folding Bike,http://tribesports.com/products/cycling/bikes/folding-bikes/3167510-tern-verge-duo-2012-folding-bike
3167511,Tern Verge P18 2012 Folding Bike,http://tribesports.com/products/cycling/bikes/folding-bikes/3167511-tern-verge-p18-2012-folding-bike
3167512,Tern Link P9 2012 Folding Bike,http://tribesports.com/products/cycling/bikes/folding-bikes/3167512-tern-link-p9-2012-folding-bike
3167513,Tern Link P7i 2012 Folding Bike,http://tribesports.com/products/cycling/bikes/folding-bikes/3167513-tern-link-p7i-2012-folding-bike
3167514,Tern Link P24h 2012 Folding Bike,http://tribesports.com/products/cycling/bikes/folding-bikes/3167514-tern-link-p24h-2012-folding-bike
3167515,Tern Link D7i 2012 Folding Bike,http://tribesports.com/products/cycling/bikes/folding-bikes/3167515-tern-link-d7i-2012-folding-bike
3167516,Tern Joe P24 2012 Folding Bike,http://tribesports.com/products/cycling/bikes/folding-bikes/3167516-tern-joe-p24-2012-folding-bike
3167517,Tern Eclipse P9 2012 Folding Bike,http://tribesports.com/products/cycling/bikes/folding-bikes/3167517-tern-eclipse-p9-2012-folding-bike
3169961,Giant Giant Halfway 2 2012 - Folding Bike,http://tribesports.com/products/cycling/bikes/folding-bikes/3169961-giant-giant-halfway-2-2012-folding-bike
3169962,Giant Halfway City 2 2012 - Folding Bike,http://tribesports.com/products/cycling/bikes/folding-bikes/3169962-giant-halfway-city-2-2012-folding-bike
3183454,Dahon Jack D24 2011 - SALE,http://tribesports.com/products/cycling/bikes/folding-bikes/3183454-dahon-jack-d24-2011-sale
3183460,Dahon Briza D3 Folding Bike 2011 - SALE,http://tribesports.com/products/cycling/bikes/folding-bikes/3183460-dahon-briza-d3-folding-bike-2011-sale
3183462,Dahon Curve XL Folding Bike 2011 - SALE,http://tribesports.com/products/cycling/bikes/folding-bikes/3183462-dahon-curve-xl-folding-bike-2011-sale
3183579,Dahon Ios XL (Xtreme Luxe) Folding Bike 2010 - SALE,http://tribesports.com/products/cycling/bikes/folding-bikes/3183579-dahon-ios-xl-xtreme-luxe-folding-bike-2010-sale
3186894,"Dahon MU P8 Folding Bike 20"" 2011 - SALE",http://tribesports.com/products/cycling/bikes/folding-bikes/3186894-dahon-mu-p8-folding-bike-20-2011-sale
3190853,Dahon Speed D7 Folding Bike 2011,http://tribesports.com/products/cycling/bikes/folding-bikes/3190853-dahon-speed-d7-folding-bike-2011
3191458,Dawes Diamond 20in Red Folding Bike 2012,http://tribesports.com/products/cycling/bikes/folding-bikes/3191458-dawes-diamond-20in-red-folding-bike-2012
3191491,Dawes Jack 20in Dark Grey Folding Bike 2012,http://tribesports.com/products/cycling/bikes/folding-bikes/3191491-dawes-jack-20in-dark-grey-folding-bike-2012
3191497,Dawes Kingpin 20in White Folding Bike 2012,http://tribesports.com/products/cycling/bikes/folding-bikes/3191497-dawes-kingpin-20in-white-folding-bike-2012
3191504,Dawes Ace 20in Blue Folding Bike 2012,http://tribesports.com/products/cycling/bikes/folding-bikes/3191504-dawes-ace-20in-blue-folding-bike-2012
3191506,Dawes Metropolis 24in Folding Bike 2012,http://tribesports.com/products/cycling/bikes/folding-bikes/3191506-dawes-metropolis-24in-folding-bike-2012
3194533,Summer Bella Folding Bike 2008 - SALE,http://tribesports.com/products/cycling/bikes/folding-bikes/3194533-summer-bella-folding-bike-2008-sale
3196975,Dahon Cadenza 8 Folding Bike 2008 - SALE,http://tribesports.com/products/cycling/bikes/folding-bikes/3196975-dahon-cadenza-8-folding-bike-2008-sale
3198508,Dahon Cadenza Folding Bike 2008 - SALE,http://tribesports.com/products/cycling/bikes/folding-bikes/3198508-dahon-cadenza-folding-bike-2008-sale
3226264,Tern Link D8 2012 Folding Bike,http://tribesports.com/products/cycling/bikes/folding-bikes/3226264-tern-link-d8-2012-folding-bike
3226265,Tern Link Uno 2012 Folding Bike,http://tribesports.com/products/cycling/bikes/folding-bikes/3226265-tern-link-uno-2012-folding-bike
3226266,Tern Link C7 2012 Folding Bike,http://tribesports.com/products/cycling/bikes/folding-bikes/3226266-tern-link-c7-2012-folding-bike
3226267,Tern Joe D24 2012 Folding Bike,http://tribesports.com/products/cycling/bikes/folding-bikes/3226267-tern-joe-d24-2012-folding-bike
3226268,Tern Joe C21 2012 Folding Bike,http://tribesports.com/products/cycling/bikes/folding-bikes/3226268-tern-joe-c21-2012-folding-bike
5234354,20 inch Trip Folding Bike,http://tribesports.com/products/cycling/bikes/folding-bikes/5234354-20-inch-trip-folding-bike
5234357,Capri Alloy 6 Speed Fold Bike,http://tribesports.com/products/cycling/bikes/folding-bikes/5234357-capri-alloy-6-speed-fold-bike
5241521,20 inch Trip Folding Bike,http://tribesports.com/products/cycling/bikes/folding-bikes/5241521-20-inch-trip-folding-bike
5241527,Capri Alloy 6 Speed Fold Bike,http://tribesports.com/products/cycling/bikes/folding-bikes/5241527-capri-alloy-6-speed-fold-bike
5241921,20 inch Trip Folding Bike,http://tribesports.com/products/cycling/bikes/folding-bikes/5241921-20-inch-trip-folding-bike
5241924,Capri Alloy 6 Speed Fold Bike,http://tribesports.com/products/cycling/bikes/folding-bikes/5241924-capri-alloy-6-speed-fold-bike
5335861,Brompton M3L 2012 Folding Bike,http://tribesports.com/products/cycling/bikes/folding-bikes/5335861-brompton-m3l-2012-folding-bike
5335862,Brompton S2L 2012 Folding Bike,http://tribesports.com/products/cycling/bikes/folding-bikes/5335862-brompton-s2l-2012-folding-bike
5335863,Brompton H3L 2012 Folding Bike,http://tribesports.com/products/cycling/bikes/folding-bikes/5335863-brompton-h3l-2012-folding-bike
5335864,Brompton P6R 2012 Folding Bike,http://tribesports.com/products/cycling/bikes/folding-bikes/5335864-brompton-p6r-2012-folding-bike
5335865,Brompton S2L-X 2012 Folding Bike,http://tribesports.com/products/cycling/bikes/folding-bikes/5335865-brompton-s2l-x-2012-folding-bike
5335866,Brompton M3L-X 2012 Folding Bike,http://tribesports.com/products/cycling/bikes/folding-bikes/5335866-brompton-m3l-x-2012-folding-bike
5335991,Brompton SL2 London Limited Edition 2012 Folding Bike,http://tribesports.com/products/cycling/bikes/folding-bikes/5335991-brompton-sl2-london-limited-edition-2012-folding-bike
5555759,Gateway Leisure Commuter Folding Bike - White or Black,http://tribesports.com/products/cycling/bikes/folding-bikes/5555759-gateway-leisure-commuter-folding-bike-white-or-black
5820449,Dahon Speed D7 Folding Bike,http://tribesports.com/products/cycling/bikes/folding-bikes/5820449-dahon-speed-d7-folding-bike
5824076,Dahon Speed P8 Folding Bike,http://tribesports.com/products/cycling/bikes/folding-bikes/5824076-dahon-speed-p8-folding-bike
5827967,Dahon Speed P8 Folding Bike,http://tribesports.com/products/cycling/bikes/folding-bikes/5827967-dahon-speed-p8-folding-bike
5871500,Dahon Mariner D7 Folding Bike,http://tribesports.com/products/cycling/bikes/folding-bikes/5871500-dahon-mariner-d7-folding-bike
6386105,Raleigh Swift Folding Bike,http://tribesports.com/products/cycling/bikes/folding-bikes/6386105-raleigh-swift-folding-bike
6583903,Brompton Fibrax Brake Pads & Holders,http://tribesports.com/products/cycling/bikes/folding-bikes/6583903-brompton-fibrax-brake-pads-holders
6583904,"Brompton Front Brake Cable, H Type",http://tribesports.com/products/cycling/bikes/folding-bikes/6583904-brompton-front-brake-cable-h-type
6583905,"Brompton Rear Brake Cable, H Type",http://tribesports.com/products/cycling/bikes/folding-bikes/6583905-brompton-rear-brake-cable-h-type
6583906,"Brompton Gear Cable, 3 Speed, H Type",http://tribesports.com/products/cycling/bikes/folding-bikes/6583906-brompton-gear-cable-3-speed-h-type
6583907,"Brompton Gear Cable, P & H Type",http://tribesports.com/products/cycling/bikes/folding-bikes/6583907-brompton-gear-cable-p-h-type
6583908,Brompton Rear Dynamo LED Stand Light with Built-in Reflector,http://tribesports.com/products/cycling/bikes/folding-bikes/6583908-brompton-rear-dynamo-led-stand-light-with-built-in-reflector
6583909,"Brompton Front Lamp Bulb, Halogen 2.4W 6v",http://tribesports.com/products/cycling/bikes/folding-bikes/6583909-brompton-front-lamp-bulb-halogen-24w-6v
6583910,"Brompton Front Mudguard Set, Steel Stays",http://tribesports.com/products/cycling/bikes/folding-bikes/6583910-brompton-front-mudguard-set-steel-stays
6583912,"Brompton 98 Link 3/32"" Chain with Powerlink",http://tribesports.com/products/cycling/bikes/folding-bikes/6583912-brompton-98-link-332-chain-with-powerlink
6583913,"Brompton 13t 2mm Sprocket, BWR 6-spd, 3/32"" Chain, Shimano",http://tribesports.com/products/cycling/bikes/folding-bikes/6583913-brompton-13t-2mm-sprocket-bwr-6-spd-332-chain-shimano
6644003,"Jango Flik T8, Folding Commuter Bike",http://tribesports.com/products/cycling/bikes/folding-bikes/6644003-jango-flik-t8-folding-commuter-bike
6644004,"JANGO FLIK V8I, Folding Commuter Bike",http://tribesports.com/products/cycling/bikes/folding-bikes/6644004-jango-flik-v8i-folding-commuter-bike
6644005,"Giant halfway 2, Folding commuter bike.",http://tribesports.com/products/cycling/bikes/folding-bikes/6644005-giant-halfway-2-folding-commuter-bike
6644006,"Giant Subway, Folding Commuter bike",http://tribesports.com/products/cycling/bikes/folding-bikes/6644006-giant-subway-folding-commuter-bike
6644007,Ridgeback Attache Folding Bike,http://tribesports.com/products/cycling/bikes/folding-bikes/6644007-ridgeback-attache-folding-bike
6644008,"Ridgeback Envoy, Folding Commuter bike",http://tribesports.com/products/cycling/bikes/folding-bikes/6644008-ridgeback-envoy-folding-commuter-bike
6644009,"Ridgeback Rendezvous 20"" Wheel Folding Bike",http://tribesports.com/products/cycling/bikes/folding-bikes/6644009-ridgeback-rendezvous-20-wheel-folding-bike
6650881,Raleigh Stowaway Folding Bike,http://tribesports.com/products/cycling/bikes/folding-bikes/6650881-raleigh-stowaway-folding-bike
6691789,Raleigh Stoaway folding bike,http://tribesports.com/products/cycling/bikes/folding-bikes/6691789-raleigh-stoaway-folding-bike
6706911,Montague Boston 2012 Folding Bike,http://tribesports.com/products/cycling/bikes/folding-bikes/6706911-montague-boston-2012-folding-bike
6706912,Montague Boston 8 2012 Folding Bike,http://tribesports.com/products/cycling/bikes/folding-bikes/6706912-montague-boston-8-2012-folding-bike
6706913,Montague FIT 2012 Folding Bike,http://tribesports.com/products/cycling/bikes/folding-bikes/6706913-montague-fit-2012-folding-bike
6706914,Montague Navigator 2012 Folding Bike,http://tribesports.com/products/cycling/bikes/folding-bikes/6706914-montague-navigator-2012-folding-bike
6706915,Montague Paratrooper 2012 Folding Bike,http://tribesports.com/products/cycling/bikes/folding-bikes/6706915-montague-paratrooper-2012-folding-bike
6706916,Montague Paratrooper Pro 2012 Folding Bike,http://tribesports.com/products/cycling/bikes/folding-bikes/6706916-montague-paratrooper-pro-2012-folding-bike
6706917,Montague Urban 2012 Folding Bike,http://tribesports.com/products/cycling/bikes/folding-bikes/6706917-montague-urban-2012-folding-bike
6706918,Montague SwissBike X50 2012 Folding Bike,http://tribesports.com/products/cycling/bikes/folding-bikes/6706918-montague-swissbike-x50-2012-folding-bike
6706919,Montague SwissBike X70 2012 Folding Bike,http://tribesports.com/products/cycling/bikes/folding-bikes/6706919-montague-swissbike-x70-2012-folding-bike
6706920,Montague SwissBike X90 2012 Folding Bike,http://tribesports.com/products/cycling/bikes/folding-bikes/6706920-montague-swissbike-x90-2012-folding-bike
6738098,"Brompton Rear Wheel Spoke Set, 150mm",http://tribesports.com/products/cycling/bikes/folding-bikes/6738098-brompton-rear-wheel-spoke-set-150mm
6773592,Dahon Vitesse D7 Folding Bike,http://tribesports.com/products/cycling/bikes/folding-bikes/6773592-dahon-vitesse-d7-folding-bike
6858715,DAHON ECO C7 Folding Bike,http://tribesports.com/products/cycling/bikes/folding-bikes/6858715-dahon-eco-c7-folding-bike
6858717,Dahon Mu P24 Folding Bike,http://tribesports.com/products/cycling/bikes/folding-bikes/6858717-dahon-mu-p24-folding-bike
6858718,Dahon Mu P8 folding Bike,http://tribesports.com/products/cycling/bikes/folding-bikes/6858718-dahon-mu-p8-folding-bike
6858719,Dahon Mu Uno Folding Bike,http://tribesports.com/products/cycling/bikes/folding-bikes/6858719-dahon-mu-uno-folding-bike
6858720,DAHON Vitesse D7 HG 7SP Folding Bike,http://tribesports.com/products/cycling/bikes/folding-bikes/6858720-dahon-vitesse-d7-hg-7sp-folding-bike
6858721,DAHON Vitesse D3 3SP Folding Bike,http://tribesports.com/products/cycling/bikes/folding-bikes/6858721-dahon-vitesse-d3-3sp-folding-bike
6858722,DAHON VITESSE D7 Folding Bike,http://tribesports.com/products/cycling/bikes/folding-bikes/6858722-dahon-vitesse-d7-folding-bike
6951378,Brompton M3L Jubilee Limited Edition,http://tribesports.com/products/cycling/bikes/folding-bikes/6951378-brompton-m3l-jubilee-limited-edition
6951381,Moulton TSR 9 2010 Folding Bike,http://tribesports.com/products/cycling/bikes/folding-bikes/6951381-moulton-tsr-9-2010-folding-bike
6951382,Moulton TSR 2 2010 Folding Bike,http://tribesports.com/products/cycling/bikes/folding-bikes/6951382-moulton-tsr-2-2010-folding-bike
7008534,"Montague Urban Folding Bike - 17""",http://tribesports.com/products/cycling/bikes/folding-bikes/7008534-montague-urban-folding-bike-17
7008535,"Montague Urban Folding Bike - 19""",http://tribesports.com/products/cycling/bikes/folding-bikes/7008535-montague-urban-folding-bike-19
7008536,"Montague Urban Folding Bike - 21""",http://tribesports.com/products/cycling/bikes/folding-bikes/7008536-montague-urban-folding-bike-21
7008537,"Montague Boston Folding Bike - 19""",http://tribesports.com/products/cycling/bikes/folding-bikes/7008537-montague-boston-folding-bike-19
7008538,"Montague Boston Folding Bike - 21""",http://tribesports.com/products/cycling/bikes/folding-bikes/7008538-montague-boston-folding-bike-21
7008539,"Montague Boston 8 Folding Bike - 19""",http://tribesports.com/products/cycling/bikes/folding-bikes/7008539-montague-boston-8-folding-bike-19
7008540,"Montague Boston 8 Folding Bike - 21""",http://tribesports.com/products/cycling/bikes/folding-bikes/7008540-montague-boston-8-folding-bike-21
7008541,"Montague Navigator Folding Bike - 19""",http://tribesports.com/products/cycling/bikes/folding-bikes/7008541-montague-navigator-folding-bike-19
7008542,"Montague Navigator Folding Bike - 21""",http://tribesports.com/products/cycling/bikes/folding-bikes/7008542-montague-navigator-folding-bike-21
7008543,"Montague FIT Folding Road Bike - 19""",http://tribesports.com/products/cycling/bikes/folding-bikes/7008543-montague-fit-folding-road-bike-19
7008544,"Montague FIT Folding Road Bike - 21""",http://tribesports.com/products/cycling/bikes/folding-bikes/7008544-montague-fit-folding-road-bike-21
7008545,"Montague X50 Folding Mountain Bike - 16""",http://tribesports.com/products/cycling/bikes/folding-bikes/7008545-montague-x50-folding-mountain-bike-16
7008546,"Montague X50 Folding Mountain Bike - 18""",http://tribesports.com/products/cycling/bikes/folding-bikes/7008546-montague-x50-folding-mountain-bike-18
7008547,"Montague X50 Folding Mountain Bike - 20""",http://tribesports.com/products/cycling/bikes/folding-bikes/7008547-montague-x50-folding-mountain-bike-20
7008548,"Montague X70 Folding Mountain Bike - 18""",http://tribesports.com/products/cycling/bikes/folding-bikes/7008548-montague-x70-folding-mountain-bike-18
7008549,"Montague X70 Folding Mountain Bike - 20""",http://tribesports.com/products/cycling/bikes/folding-bikes/7008549-montague-x70-folding-mountain-bike-20
7008550,"Montague X90 Folding Mountain Bike - 20""",http://tribesports.com/products/cycling/bikes/folding-bikes/7008550-montague-x90-folding-mountain-bike-20
7008648,Viking Urbanisi SE - Folding Bike,http://tribesports.com/products/cycling/bikes/folding-bikes/7008648-viking-urbanisi-se-folding-bike
7027164,"Montague Paratrooper Folding Mountain Bike - 18""",http://tribesports.com/products/cycling/bikes/folding-bikes/7027164-montague-paratrooper-folding-mountain-bike-18
7027165,"Montague Paratrooper Folding Mountain Bike - 20""",http://tribesports.com/products/cycling/bikes/folding-bikes/7027165-montague-paratrooper-folding-mountain-bike-20
7027166,"Montague Paratrooper Pro Folding Mountain Bike - 18""",http://tribesports.com/products/cycling/bikes/folding-bikes/7027166-montague-paratrooper-pro-folding-mountain-bike-18
7027167,"Montague Paratrooper Pro Folding Mountain Bike - 20""",http://tribesports.com/products/cycling/bikes/folding-bikes/7027167-montague-paratrooper-pro-folding-mountain-bike-20
7045006,Dahon Eco C7 Folding Bike,http://tribesports.com/products/cycling/bikes/folding-bikes/7045006-dahon-eco-c7-folding-bike
7045007,Dahon Vitesse D3HG Folding Bike,http://tribesports.com/products/cycling/bikes/folding-bikes/7045007-dahon-vitesse-d3hg-folding-bike
7045008,Dahon Vitesse D7HG Folding Bike,http://tribesports.com/products/cycling/bikes/folding-bikes/7045008-dahon-vitesse-d7hg-folding-bike
7045009,Dahon Mu-N360 Folding Bike,http://tribesports.com/products/cycling/bikes/folding-bikes/7045009-dahon-mu-n360-folding-bike
7117466,Dahon Mu Uno Folding Bike,http://tribesports.com/products/cycling/bikes/folding-bikes/7117466-dahon-mu-uno-folding-bike
7117467,Dahon Mu P8 Folding Bike,http://tribesports.com/products/cycling/bikes/folding-bikes/7117467-dahon-mu-p8-folding-bike
7117468,Dahon Mu P24 Folding Bike,http://tribesports.com/products/cycling/bikes/folding-bikes/7117468-dahon-mu-p24-folding-bike
