9701,adidas Tango Rosario Football - White/Black,http://tribesports.com/products/football/footballs/9701-adidas-tango-rosario-football-whiteblack
23470,Copa Laboratories Match Ball,http://tribesports.com/products/football/footballs/23470-copa-laboratories-match-ball
69686,MITRE Ultimax 26P Football,http://tribesports.com/products/football/footballs/69686-mitre-ultimax-26p-football
69687,MITRE Pro Max 26P Football,http://tribesports.com/products/football/footballs/69687-mitre-pro-max-26p-football
69688,MITRE Max Fluo 26P Football,http://tribesports.com/products/football/footballs/69688-mitre-max-fluo-26p-football
69689,MITRE Max 26P Football,http://tribesports.com/products/football/footballs/69689-mitre-max-26p-football
69690,MITRE Ultimatch 18P Football,http://tribesports.com/products/football/footballs/69690-mitre-ultimatch-18p-football
69692,MITRE Ultimatch Fluo 18P Football,http://tribesports.com/products/football/footballs/69692-mitre-ultimatch-fluo-18p-football
69696,MITRE Tactic (White/Blue) Football,http://tribesports.com/products/football/footballs/69696-mitre-tactic-whiteblue-football
69698,MITRE Calcio 18P Football,http://tribesports.com/products/football/footballs/69698-mitre-calcio-18p-football
69700,MITRE Super Dimple (White) Football,http://tribesports.com/products/football/footballs/69700-mitre-super-dimple-white-football
69709,MITRE Cyclone Indoor Football,http://tribesports.com/products/football/footballs/69709-mitre-cyclone-indoor-football
70035,MITRE Calcio Fluo Football,http://tribesports.com/products/football/footballs/70035-mitre-calcio-fluo-football
255484,Monta Replica Ball - Black/Yellow,http://tribesports.com/products/football/footballs/255484-monta-replica-ball-blackyellow
255485,Monta Replica Ball - Pink/Black,http://tribesports.com/products/football/footballs/255485-monta-replica-ball-pinkblack
264066,MITRE Super League Indoor Football,http://tribesports.com/products/football/footballs/264066-mitre-super-league-indoor-football
500341,Cyclone Indoor Match Football,http://tribesports.com/products/football/footballs/500341-cyclone-indoor-match-football
500383,Monde 18P Match Fifa Inspected Football,http://tribesports.com/products/football/footballs/500383-monde-18p-match-fifa-inspected-football
500384,Malmo 18 Panel Training Football Pink,http://tribesports.com/products/football/footballs/500384-malmo-18-panel-training-football-pink
500533,Ultimatch Match Fifa Inspected Football White/Blue,http://tribesports.com/products/football/footballs/500533-ultimatch-match-fifa-inspected-football-whiteblue
504884,Mitre Cyclone Indoor Football,http://tribesports.com/products/football/footballs/504884-mitre-cyclone-indoor-football
504955,Patrick PTX Football,http://tribesports.com/products/football/footballs/504955-patrick-ptx-football
506772,Nike Merlin Football,http://tribesports.com/products/football/footballs/506772-nike-merlin-football
506773,Nike Merlin Football,http://tribesports.com/products/football/footballs/506773-nike-merlin-football
507490,Celtic Crest Football,http://tribesports.com/products/football/footballs/507490-celtic-crest-football
613649,Patrick PTX Football,http://tribesports.com/products/football/footballs/613649-patrick-ptx-football
742287,10-11 Bayern Munich Finale 10 Mini Ball,http://tribesports.com/products/football/footballs/742287-10-11-bayern-munich-finale-10-mini-ball
971289,Flexi Goal and Ball,http://tribesports.com/products/football/footballs/971289-flexi-goal-and-ball
971290,Twin Flexi Goal and Ball,http://tribesports.com/products/football/footballs/971290-twin-flexi-goal-and-ball
1039891,Pendulum Ball,http://tribesports.com/products/football/footballs/1039891-pendulum-ball
1039908,Sport-Thieme� Premium Football,http://tribesports.com/products/football/footballs/1039908-sport-thieme-premium-football
1039909,Uhlsport� PT5 Themis Pro Football,http://tribesports.com/products/football/footballs/1039909-uhlsport-pt5-themis-pro-football
1039917,Adidas� FIFA 2010 SHS Indoor Football,http://tribesports.com/products/football/footballs/1039917-adidas-fifa-2010-shs-indoor-football
1039922,Derbystar Chicago TT Football,http://tribesports.com/products/football/footballs/1039922-derbystar-chicago-tt-football
1039932,Derbystar Brillant S-light Football,http://tribesports.com/products/football/footballs/1039932-derbystar-brillant-s-light-football
1041107,Beach Soft Soccer,http://tribesports.com/products/football/footballs/1041107-beach-soft-soccer
1041192,Sport-Thieme� Super 403 Football,http://tribesports.com/products/football/footballs/1041192-sport-thieme-super-403-football
1041501,Sport-Thieme� Super 2000 Air Mattress Football,http://tribesports.com/products/football/footballs/1041501-sport-thieme-super-2000-air-mattress-football
1041507,Sport-Thieme� M. Collins Football,http://tribesports.com/products/football/footballs/1041507-sport-thieme-m-collins-football
1041531,Indoor Football Test Package Set,http://tribesports.com/products/football/footballs/1041531-indoor-football-test-package-set
1089108,Moltens ''Probably The Worlds Best Soccer Ball'',http://tribesports.com/products/football/footballs/1089108-moltens-probably-the-worlds-best-soccer-ball
1100021,Mitre Ultimatch Football,http://tribesports.com/products/football/footballs/1100021-mitre-ultimatch-football
1150299,PSV Fan Ball - White,http://tribesports.com/products/football/footballs/1150299-psv-fan-ball-white
1222608,Sport-Thieme� King Light Youth's Football,http://tribesports.com/products/football/footballs/1222608-sport-thieme-king-light-youths-football
1222649,Sport-Thieme� Supreme Football,http://tribesports.com/products/football/footballs/1222649-sport-thieme-supreme-football
1282406,Patrick PTX Football,http://tribesports.com/products/football/footballs/1282406-patrick-ptx-football
1334498,adidas Europa League Official Match Ball,http://tribesports.com/products/football/footballs/1334498-adidas-europa-league-official-match-ball
1338914,UEFA Europa League Official Match Football 2010/11,http://tribesports.com/products/football/footballs/1338914-uefa-europa-league-official-match-football-201011
1338916,UEFA Europa League Capitano Replica Football 2010/11,http://tribesports.com/products/football/footballs/1338916-uefa-europa-league-capitano-replica-football-201011
1352335,Low Bounce Competition Football,http://tribesports.com/products/football/footballs/1352335-low-bounce-competition-football
1435761,Pro Max Professional Fifa Approved Football,http://tribesports.com/products/football/footballs/1435761-pro-max-professional-fifa-approved-football
1435765,Monde Match Fifa Inspected Football,http://tribesports.com/products/football/footballs/1435765-monde-match-fifa-inspected-football
1436007,Jabulani FIFA World Cup 2010 Official Match Ball,http://tribesports.com/products/football/footballs/1436007-jabulani-fifa-world-cup-2010-official-match-ball
1436072,Mercurial Veer Football White/Blk/Orange,http://tribesports.com/products/football/footballs/1436072-mercurial-veer-football-whiteblkorange
1436100,T90 Luma X Match Football - Black/Orange,http://tribesports.com/products/football/footballs/1436100-t90-luma-x-match-football-blackorange
1436120,Venom Fifa Quality Match Football,http://tribesports.com/products/football/footballs/1436120-venom-fifa-quality-match-football
1436121,Arrow Fifa Quality Match Football,http://tribesports.com/products/football/footballs/1436121-arrow-fifa-quality-match-football
1436122,Silky Match Football,http://tribesports.com/products/football/footballs/1436122-silky-match-football
1436167,Monde 18P Match Fifa Inspected Football,http://tribesports.com/products/football/footballs/1436167-monde-18p-match-fifa-inspected-football
1436169,Ciero Match Football,http://tribesports.com/products/football/footballs/1436169-ciero-match-football
1436184,Seria A 10/11 T90 Strike Football White/Blk/Pink,http://tribesports.com/products/football/footballs/1436184-seria-a-1011-t90-strike-football-whiteblkpink
1436193,EPL 10/11 T90 Strike Match Football - White/Blue,http://tribesports.com/products/football/footballs/1436193-epl-1011-t90-strike-match-football-whiteblue
1436202,Ultimatch Match Fifa Inspected Football White/Blue,http://tribesports.com/products/football/footballs/1436202-ultimatch-match-fifa-inspected-football-whiteblue
1436224,0.2 Premier Match Football,http://tribesports.com/products/football/footballs/1436224-02-premier-match-football
1436225,0.2 Premier Light 325g Match Football,http://tribesports.com/products/football/footballs/1436225-02-premier-light-325g-match-football
1436226,0.2 Premier Ultra Light 290g Match Football,http://tribesports.com/products/football/footballs/1436226-02-premier-ultra-light-290g-match-football
1436234,TCPS Lovell Soccer Stadium Training Football White/Pink,http://tribesports.com/products/football/footballs/1436234-tcps-lovell-soccer-stadium-training-football-whitepink
1436257,Total 90 Tracer Premier League Match Football Hi Viz,http://tribesports.com/products/football/footballs/1436257-total-90-tracer-premier-league-match-football-hi-viz
1436265,Mercurial Veer Football White/Pink,http://tribesports.com/products/football/footballs/1436265-mercurial-veer-football-whitepink
1436350,Nike Premier League T90 Omni Match Ball Fluro Yellow,http://tribesports.com/products/football/footballs/1436350-nike-premier-league-t90-omni-match-ball-fluro-yellow
1436370,T90 Strike Football - White/Silver,http://tribesports.com/products/football/footballs/1436370-t90-strike-football-whitesilver
1484744,T90 Serie A Pitch Football Neon Pink/Black/Silver,http://tribesports.com/products/football/footballs/1484744-t90-serie-a-pitch-football-neon-pinkblacksilver
1488592,2011 France Skills Ball - Blue,http://tribesports.com/products/football/footballs/1488592-2011-france-skills-ball-blue
1488593,2011 France Prestige Ball - Blue,http://tribesports.com/products/football/footballs/1488593-2011-france-prestige-ball-blue
1488594,2011 Brazil Supporters Ball - Black,http://tribesports.com/products/football/footballs/1488594-2011-brazil-supporters-ball-black
1488595,2011 France Supporters Ball - White,http://tribesports.com/products/football/footballs/1488595-2011-france-supporters-ball-white
1512642,Sport-Thieme� Training Football,http://tribesports.com/products/football/footballs/1512642-sport-thieme-training-football
1512652,Sport-Thieme� Floodlight Football,http://tribesports.com/products/football/footballs/1512652-sport-thieme-floodlight-football
1512667,Sport-Thieme� Soccer Football,http://tribesports.com/products/football/footballs/1512667-sport-thieme-soccer-football
1512757,Indoor Football,http://tribesports.com/products/football/footballs/1512757-indoor-football
1515920,MITRE Calcio 18P Football,http://tribesports.com/products/football/footballs/1515920-mitre-calcio-18p-football
1515921,MITRE Calcio Fluo Football,http://tribesports.com/products/football/footballs/1515921-mitre-calcio-fluo-football
1515925,MITRE Cyclone Indoor Football,http://tribesports.com/products/football/footballs/1515925-mitre-cyclone-indoor-football
1515938,MITRE Max 26P Football,http://tribesports.com/products/football/footballs/1515938-mitre-max-26p-football
1515940,MITRE Max Fluo 26P Football,http://tribesports.com/products/football/footballs/1515940-mitre-max-fluo-26p-football
1515952,MITRE Pro Max 26P Football,http://tribesports.com/products/football/footballs/1515952-mitre-pro-max-26p-football
1515962,MITRE Super Dimple (White) Football,http://tribesports.com/products/football/footballs/1515962-mitre-super-dimple-white-football
1515963,MITRE Super League Indoor Football,http://tribesports.com/products/football/footballs/1515963-mitre-super-league-indoor-football
1515964,MITRE Tactic (White/Blue) Football,http://tribesports.com/products/football/footballs/1515964-mitre-tactic-whiteblue-football
1515967,MITRE Ultimatch 18P Football,http://tribesports.com/products/football/footballs/1515967-mitre-ultimatch-18p-football
1515968,MITRE Ultimatch Fluo 18P Football,http://tribesports.com/products/football/footballs/1515968-mitre-ultimatch-fluo-18p-football
1515969,MITRE Ultimax 26P Football,http://tribesports.com/products/football/footballs/1515969-mitre-ultimax-26p-football
1546919,England v Egypt Ltd Edition Official Match Football,http://tribesports.com/products/football/footballs/1546919-england-v-egypt-ltd-edition-official-match-football
1546920,England v Slovakia Ltd Edition Official Match Football,http://tribesports.com/products/football/footballs/1546920-england-v-slovakia-ltd-edition-official-match-football
1546921,England v Ukraine Ltd Edition Official Match Football,http://tribesports.com/products/football/footballs/1546921-england-v-ukraine-ltd-edition-official-match-football
1546922,England v Andora Ltd Edition Official Match Football,http://tribesports.com/products/football/footballs/1546922-england-v-andora-ltd-edition-official-match-football
1546923,England v Slovenia Ltd Edition Official Match Football,http://tribesports.com/products/football/footballs/1546923-england-v-slovenia-ltd-edition-official-match-football
1546924,England v Croatia Ltd Edition Official Match Football,http://tribesports.com/products/football/footballs/1546924-england-v-croatia-ltd-edition-official-match-football
1546925,England v Belarus Ltd Edition Official Match Football,http://tribesports.com/products/football/footballs/1546925-england-v-belarus-ltd-edition-official-match-football
1546946,Jabulani Top Replique 2010 World Cup Football,http://tribesports.com/products/football/footballs/1546946-jabulani-top-replique-2010-world-cup-football
1548811,MITRE Malmo Football,http://tribesports.com/products/football/footballs/1548811-mitre-malmo-football
1559943,MITRE Malmo Football,http://tribesports.com/products/football/footballs/1559943-mitre-malmo-football
1575706,Finale London Official Champions League Match Football,http://tribesports.com/products/football/footballs/1575706-finale-london-official-champions-league-match-football
1576301,2011 Brazil Skills Ball - Yellow,http://tribesports.com/products/football/footballs/1576301-2011-brazil-skills-ball-yellow
1622240,adidas F50 Xite II Football,http://tribesports.com/products/football/footballs/1622240-adidas-f50-xite-ii-football
1651434,adidas Speedcell Official Match Ball,http://tribesports.com/products/football/footballs/1651434-adidas-speedcell-official-match-ball
1835158,PRECISION TRAINING Vortex Match Ball,http://tribesports.com/products/football/footballs/1835158-precision-training-vortex-match-ball
1835160,PRECISION TRAINING Vortex Training Ball,http://tribesports.com/products/football/footballs/1835160-precision-training-vortex-training-ball
1848002,UEFA Champions League Capitano Replica Football 2010/11,http://tribesports.com/products/football/footballs/1848002-uefa-champions-league-capitano-replica-football-201011
1854608,CR7 Sport Culture Match Football Black/Volt,http://tribesports.com/products/football/footballs/1854608-cr7-sport-culture-match-football-blackvolt
1854609,CR7 Sport Culture Replica Football Black/Volt,http://tribesports.com/products/football/footballs/1854609-cr7-sport-culture-replica-football-blackvolt
1875963,Scotland Football,http://tribesports.com/products/football/footballs/1875963-scotland-football
1875964,Celtic Football,http://tribesports.com/products/football/footballs/1875964-celtic-football
1886363,PRECISION TRAINING Vortex Match Ball,http://tribesports.com/products/football/footballs/1886363-precision-training-vortex-match-ball
1886364,PRECISION TRAINING Vortex Training Ball,http://tribesports.com/products/football/footballs/1886364-precision-training-vortex-training-ball
1950305,Uwin 10cm Reaction Ball,http://tribesports.com/products/football/footballs/1950305-uwin-10cm-reaction-ball
1950306,Uwin 20cm Reaction Ball,http://tribesports.com/products/football/footballs/1950306-uwin-20cm-reaction-ball
1957379,Precision PT Contour Training Ball - White/Black,http://tribesports.com/products/football/footballs/1957379-precision-pt-contour-training-ball-whiteblack
1957380,Precision PT Contour Training Ball - White/Blue,http://tribesports.com/products/football/footballs/1957380-precision-pt-contour-training-ball-whiteblue
1957381,Precision PT Contour Training Ball - Yellow/Black,http://tribesports.com/products/football/footballs/1957381-precision-pt-contour-training-ball-yellowblack
1957382,Precision PT Contour Training Ball - Orange/Black,http://tribesports.com/products/football/footballs/1957382-precision-pt-contour-training-ball-orangeblack
1957414,Precision Ball Gauge,http://tribesports.com/products/football/footballs/1957414-precision-ball-gauge
1958011,Reusch M - 100 Ball Size 5,http://tribesports.com/products/football/footballs/1958011-reusch-m-100-ball-size-5
2072026,"11-12 Bundesliga ""Torfabrik"" Replica Bayern Munich Ball",http://tribesports.com/products/football/footballs/2072026-11-12-bundesliga-torfabrik-replica-bayern-munich-ball
2072029,"11-12 Bundesliga ""Torfabrik"" Replica Glider Ball - White",http://tribesports.com/products/football/footballs/2072029-11-12-bundesliga-torfabrik-replica-glider-ball-white
2155108,England Stealth Fifa Quality Official Match Football,http://tribesports.com/products/football/footballs/2155108-england-stealth-fifa-quality-official-match-football
2155110,Total 90 Aerow II Premier League Fifa Approved Match Football,http://tribesports.com/products/football/footballs/2155110-total-90-aerow-ii-premier-league-fifa-approved-match-football
2155111,0.8 Futsal Football,http://tribesports.com/products/football/footballs/2155111-08-futsal-football
2160232,"11-12 Bundesliga ""Torfabrik"" Replica Schalke 04 Ball",http://tribesports.com/products/football/footballs/2160232-11-12-bundesliga-torfabrik-replica-schalke-04-ball
2160233,"11-12 Bundesliga ""Torfabrik"" Junior 350 Ball",http://tribesports.com/products/football/footballs/2160233-11-12-bundesliga-torfabrik-junior-350-ball
2160234,11-12 Bundesliga Torfabrik Replica Ball,http://tribesports.com/products/football/footballs/2160234-11-12-bundesliga-torfabrik-replica-ball
2160235,"11-12 Bundesliga ""Torfabrik"" Competition Ball",http://tribesports.com/products/football/footballs/2160235-11-12-bundesliga-torfabrik-competition-ball
2182279,St Pauli Skull Skills Ball,http://tribesports.com/products/football/footballs/2182279-st-pauli-skull-skills-ball
2184426,Seitiro 2011/12 Premier League Match Football,http://tribesports.com/products/football/footballs/2184426-seitiro-201112-premier-league-match-football
2184427,Seitiro 2011/12 Serie A Match Football,http://tribesports.com/products/football/footballs/2184427-seitiro-201112-serie-a-match-football
2184428,Seitiro 2011/12 La Liga Match Football,http://tribesports.com/products/football/footballs/2184428-seitiro-201112-la-liga-match-football
2219144,Nike T90 Strike Premier League Replica Football,http://tribesports.com/products/football/footballs/2219144-nike-t90-strike-premier-league-replica-football
2230245,adidas F50 SMU Football,http://tribesports.com/products/football/footballs/2230245-adidas-f50-smu-football
2230246,Patrick PTX Football,http://tribesports.com/products/football/footballs/2230246-patrick-ptx-football
2249189,T90 Premier Team FiFa Match Football,http://tribesports.com/products/football/footballs/2249189-t90-premier-team-fifa-match-football
2249957,adidas Finale 11 Capitano Replica Football,http://tribesports.com/products/football/footballs/2249957-adidas-finale-11-capitano-replica-football
2250573,EPL 11/12 T90 Strike Match Football - White/Blue/Orange,http://tribesports.com/products/football/footballs/2250573-epl-1112-t90-strike-match-football-whiteblueorange
2250898,Nike Blaze Football,http://tribesports.com/products/football/footballs/2250898-nike-blaze-football
2250899,NIKE Strike English Premier League 2011/2012 Football,http://tribesports.com/products/football/footballs/2250899-nike-strike-english-premier-league-20112012-football
2251391,adidas F50 X-ITE Mini Football,http://tribesports.com/products/football/footballs/2251391-adidas-f50-x-ite-mini-football
2251392,Patrick Blade Football,http://tribesports.com/products/football/footballs/2251392-patrick-blade-football
2251393,Patrick Blade Football,http://tribesports.com/products/football/footballs/2251393-patrick-blade-football
2251394,Patrick Blade Football,http://tribesports.com/products/football/footballs/2251394-patrick-blade-football
2251396,adidas Chelsea Core Football,http://tribesports.com/products/football/footballs/2251396-adidas-chelsea-core-football
2251397,adidas Chelsea Finale 11 Capitano Replica Football,http://tribesports.com/products/football/footballs/2251397-adidas-chelsea-finale-11-capitano-replica-football
2254215,Nike Club Team Ball - Gold/Black,http://tribesports.com/products/football/footballs/2254215-nike-club-team-ball-goldblack
2258175,adidas adiPure Glider Football,http://tribesports.com/products/football/footballs/2258175-adidas-adipure-glider-football
2258176,adidas Finale 11 Top Training Replica Match Football,http://tribesports.com/products/football/footballs/2258176-adidas-finale-11-top-training-replica-match-football
2264939,Nike Blaze Football,http://tribesports.com/products/football/footballs/2264939-nike-blaze-football
2264940,NIKE Strike English Premier League 2011/2012 Football,http://tribesports.com/products/football/footballs/2264940-nike-strike-english-premier-league-20112012-football
2265143,11-12 FC Köln Mini Ball,http://tribesports.com/products/football/footballs/2265143-11-12-fc-kln-mini-ball
2265410,Man Utd Cyclone Skills Football,http://tribesports.com/products/football/footballs/2265410-man-utd-cyclone-skills-football
2268324,Wales Lenticular Football,http://tribesports.com/products/football/footballs/2268324-wales-lenticular-football
2268325,Wales Glitter Mini Football,http://tribesports.com/products/football/footballs/2268325-wales-glitter-mini-football
2268326,Northern Ireland Basic Football,http://tribesports.com/products/football/footballs/2268326-northern-ireland-basic-football
2268327,Northern Ireland Lenticular Football,http://tribesports.com/products/football/footballs/2268327-northern-ireland-lenticular-football
2268328,Northern Ireland Glitter Mini Football,http://tribesports.com/products/football/footballs/2268328-northern-ireland-glitter-mini-football
2285202,Calcio 18 Panel Training Football White/Black,http://tribesports.com/products/football/footballs/2285202-calcio-18-panel-training-football-whiteblack
2292282,Ultimax Professional Fifa Approved Football,http://tribesports.com/products/football/footballs/2292282-ultimax-professional-fifa-approved-football
2293835,King Force 6.11 Training Football,http://tribesports.com/products/football/footballs/2293835-king-force-611-training-football
2301741,adidas F50 SMU Football,http://tribesports.com/products/football/footballs/2301741-adidas-f50-smu-football
2311862,Nike T90 Pitch Football,http://tribesports.com/products/football/footballs/2311862-nike-t90-pitch-football
2311863,adidas Finale 11 Capitano Replica Football,http://tribesports.com/products/football/footballs/2311863-adidas-finale-11-capitano-replica-football
2322607,Nike Pitch Premier League Football,http://tribesports.com/products/football/footballs/2322607-nike-pitch-premier-league-football
2322608,Nike T90 Skills Premier League 2011/2012 Mini Ball,http://tribesports.com/products/football/footballs/2322608-nike-t90-skills-premier-league-20112012-mini-ball
2322609,Patrick PTX Football,http://tribesports.com/products/football/footballs/2322609-patrick-ptx-football
2355290,Max 2011 Professional Fifa Approved Football,http://tribesports.com/products/football/footballs/2355290-max-2011-professional-fifa-approved-football
2355687,11-12 Nike Strike Premier League Ball - White,http://tribesports.com/products/football/footballs/2355687-11-12-nike-strike-premier-league-ball-white
2360863,Finale 11 Official Champions League Match Football,http://tribesports.com/products/football/footballs/2360863-finale-11-official-champions-league-match-football
2376919,Max Professional Fifa Approved Football,http://tribesports.com/products/football/footballs/2376919-max-professional-fifa-approved-football
2382975,Total 90 Catalyst Team Fifa Match Football,http://tribesports.com/products/football/footballs/2382975-total-90-catalyst-team-fifa-match-football
2383142,adidas Finale London UCL Official Match Ball,http://tribesports.com/products/football/footballs/2383142-adidas-finale-london-ucl-official-match-ball
2388903,Total 90 Catalyst Team Fifa Match Football,http://tribesports.com/products/football/footballs/2388903-total-90-catalyst-team-fifa-match-football
2391051,11-12 Man Utd Prestige Ball,http://tribesports.com/products/football/footballs/2391051-11-12-man-utd-prestige-ball
2409110,Nike Mercurial Skills Mini Football,http://tribesports.com/products/football/footballs/2409110-nike-mercurial-skills-mini-football
2435373,Tensile Professional Fifa Approved Match Football,http://tribesports.com/products/football/footballs/2435373-tensile-professional-fifa-approved-match-football
2435469,Ultimatch Fluo Match Fifa Inspected Football Yellow/Blue,http://tribesports.com/products/football/footballs/2435469-ultimatch-fluo-match-fifa-inspected-football-yellowblue
2439607,Max Fluo Professional Fifa Approved Football,http://tribesports.com/products/football/footballs/2439607-max-fluo-professional-fifa-approved-football
2442153,Nike Chrome Football,http://tribesports.com/products/football/footballs/2442153-nike-chrome-football
2465999,Liverpool FC Football,http://tribesports.com/products/football/footballs/2465999-liverpool-fc-football
2593382,The Elite Ball,http://tribesports.com/products/football/footballs/2593382-the-elite-ball
2593383,The Max Ball,http://tribesports.com/products/football/footballs/2593383-the-max-ball
2593384,The Origin Ball,http://tribesports.com/products/football/footballs/2593384-the-origin-ball
2670601,Manchester United Supporters Football,http://tribesports.com/products/football/footballs/2670601-manchester-united-supporters-football
2717095,"11-12 Bundesliga ""Torfabrik"" Replica HG Ball",http://tribesports.com/products/football/footballs/2717095-11-12-bundesliga-torfabrik-replica-hg-ball
2967508,Mercurial Veer Football White/Teal/Purple,http://tribesports.com/products/football/footballs/2967508-mercurial-veer-football-whitetealpurple
2967509,Total 90 Seeker Football White/Orange/Black,http://tribesports.com/products/football/footballs/2967509-total-90-seeker-football-whiteorangeblack
3136951,EPL 11/12 T90 Hi Viz Strike Match Football - Yellow/Blue/Sky,http://tribesports.com/products/football/footballs/3136951-epl-1112-t90-hi-viz-strike-match-football-yellowbluesky
3228821,Seitiro 2011/12 Premier League Hi Viz Match Football,http://tribesports.com/products/football/footballs/3228821-seitiro-201112-premier-league-hi-viz-match-football
3522567,11-12 Nike Strike Premier League Ball - Yellow/Blue,http://tribesports.com/products/football/footballs/3522567-11-12-nike-strike-premier-league-ball-yellowblue
3522568,11-12 Nike Strike Serie A Ball - Yellow/Blue,http://tribesports.com/products/football/footballs/3522568-11-12-nike-strike-serie-a-ball-yellowblue
3546481,CR7 Flash Replica Football Metallic Mach/Solar Red/Obsidian,http://tribesports.com/products/football/footballs/3546481-cr7-flash-replica-football-metallic-machsolar-redobsidian
3546557,11-12 Nike Skills Ball - White,http://tribesports.com/products/football/footballs/3546557-11-12-nike-skills-ball-white
3546560,11-12 Nike Rolinho Club Ball - white,http://tribesports.com/products/football/footballs/3546560-11-12-nike-rolinho-club-ball-white
3546561,11-12 Nike Rolinho Menor Ball - yellow,http://tribesports.com/products/football/footballs/3546561-11-12-nike-rolinho-menor-ball-yellow
3670128,Euro Top Replique Tango 12 European Championship Football,http://tribesports.com/products/football/footballs/3670128-euro-top-replique-tango-12-european-championship-football
3693969,Euro 2012 Tango 12 Replica Ball,http://tribesports.com/products/football/footballs/3693969-euro-2012-tango-12-replica-ball
3697801,Euro 2012 Tango 12 Top Replique European Championship Football,http://tribesports.com/products/football/footballs/3697801-euro-2012-tango-12-top-replique-european-championship-football
3697804,Euro Tango 12 Official Match European Championship Football,http://tribesports.com/products/football/footballs/3697804-euro-tango-12-official-match-european-championship-football
3739755,11-12 Nike Seitiro Soccer Ball - Yellow,http://tribesports.com/products/football/footballs/3739755-11-12-nike-seitiro-soccer-ball-yellow
4073512,Select Goalie Reflex Ball,http://tribesports.com/products/football/footballs/4073512-select-goalie-reflex-ball
4295467,Euro 2012 Tango 12 Replica Artificial Turf Ball,http://tribesports.com/products/football/footballs/4295467-euro-2012-tango-12-replica-artificial-turf-ball
4531019,New York Cosmos Blade Football,http://tribesports.com/products/football/footballs/4531019-new-york-cosmos-blade-football
4676536,Nike League Pitch Soccer Ball - Gold/Blue,http://tribesports.com/products/football/footballs/4676536-nike-league-pitch-soccer-ball-goldblue
4680734,adidas Champ League Finale 11 Official Ball - White/Multi,http://tribesports.com/products/football/footballs/4680734-adidas-champ-league-finale-11-official-ball-whitemulti
4689934,adidas 5 Ball - Electricity/Black/Sharp Blue,http://tribesports.com/products/football/footballs/4689934-adidas-5-ball-electricityblacksharp-blue
4691881,Nike Nike5 Rolinho Clube Soccer Ball - Blue/Yellow/Black,http://tribesports.com/products/football/footballs/4691881-nike-nike5-rolinho-clube-soccer-ball-blueyellowblack
4695965,adidas Speedcell Replica Artificial Turf Ball - White/Fresh Splash/Acid Buzz,http://tribesports.com/products/football/footballs/4695965-adidas-speedcell-replica-artificial-turf-ball-whitefresh-splashacid-buzz
4701147,Nike Catalyst Soccer Ball - White/Volt,http://tribesports.com/products/football/footballs/4701147-nike-catalyst-soccer-ball-whitevolt
4716052,Nike Club Team Soccer Ball,http://tribesports.com/products/football/footballs/4716052-nike-club-team-soccer-ball
4743129,adidas Replique Soccer Ball - White/Fresh Splash/Acid Buzz,http://tribesports.com/products/football/footballs/4743129-adidas-replique-soccer-ball-whitefresh-splashacid-buzz
4744083,Nike Nike5 Rolinho Premier Soccer Ball - White/Blue/Black,http://tribesports.com/products/football/footballs/4744083-nike-nike5-rolinho-premier-soccer-ball-whiteblueblack
4744098,Nike Premier Team NFHS Soccer Ball,http://tribesports.com/products/football/footballs/4744098-nike-premier-team-nfhs-soccer-ball
4752848,Inter Milan Nike Club Supporter Soccer Ball - Inter Milan,http://tribesports.com/products/football/footballs/4752848-inter-milan-nike-club-supporter-soccer-ball-inter-milan
4753066,Nike Strike Soccer Ball - White/Volt,http://tribesports.com/products/football/footballs/4753066-nike-strike-soccer-ball-whitevolt
4759526,Nike Strike Soccer Ball - White/Blue,http://tribesports.com/products/football/footballs/4759526-nike-strike-soccer-ball-whiteblue
4767513,Nike Seitiro Soccer Ball - Yellow/Purple,http://tribesports.com/products/football/footballs/4767513-nike-seitiro-soccer-ball-yellowpurple
4778030,Nike League Pitch Soccer Ball - Blue/Orange,http://tribesports.com/products/football/footballs/4778030-nike-league-pitch-soccer-ball-blueorange
4778157,Nike Strike Soccer Ball - White/Orange,http://tribesports.com/products/football/footballs/4778157-nike-strike-soccer-ball-whiteorange
4781373,Nike Chrome Soccer Ball - Chrome/Red,http://tribesports.com/products/football/footballs/4781373-nike-chrome-soccer-ball-chromered
4781588,Nike Acuto Team Soccer Ball,http://tribesports.com/products/football/footballs/4781588-nike-acuto-team-soccer-ball
4782305,Nike Strike Soccer Ball - Yellow/Purple/Black,http://tribesports.com/products/football/footballs/4782305-nike-strike-soccer-ball-yellowpurpleblack
5086105,Nike Manchester United Prestige Ball 5,http://tribesports.com/products/football/footballs/5086105-nike-manchester-united-prestige-ball-5
5089692,NIKE Mercurial Fade Football,http://tribesports.com/products/football/footballs/5089692-nike-mercurial-fade-football
5210199,NIKE Mercurial Fade Football,http://tribesports.com/products/football/footballs/5210199-nike-mercurial-fade-football
5263604,Starlancer III Football White/Orange/Blk,http://tribesports.com/products/football/footballs/5263604-starlancer-iii-football-whiteorangeblk
5271031,Adidas Tango 12 Euro 2012 Replique Ball,http://tribesports.com/products/football/footballs/5271031-adidas-tango-12-euro-2012-replique-ball
5286413,Fifa Tango 12 Official Match Football White/Satallite Blue,http://tribesports.com/products/football/footballs/5286413-fifa-tango-12-official-match-football-whitesatallite-blue
5287713,Fifa Tango 12 Official Match Football White/Satallite Blue,http://tribesports.com/products/football/footballs/5287713-fifa-tango-12-official-match-football-whitesatallite-blue
5287714,Comoequa 2012 African Cup of Nations Match Ball,http://tribesports.com/products/football/footballs/5287714-comoequa-2012-african-cup-of-nations-match-ball
5338574,NIKE T90 Array Football,http://tribesports.com/products/football/footballs/5338574-nike-t90-array-football
5399948,ADIDAS Starlancer III Football,http://tribesports.com/products/football/footballs/5399948-adidas-starlancer-iii-football
5459186,Euro 2012 Tango 12 Competition Ball,http://tribesports.com/products/football/footballs/5459186-euro-2012-tango-12-competition-ball
5459187,Euro 2012 Tango 12 Training Pro Ball - White/Red,http://tribesports.com/products/football/footballs/5459187-euro-2012-tango-12-training-pro-ball-whitered
5459188,Euro 2012 Tango 12 Training Pro Ball - Yellow,http://tribesports.com/products/football/footballs/5459188-euro-2012-tango-12-training-pro-ball-yellow
5459567,ADIDAS Starlancer III Football,http://tribesports.com/products/football/footballs/5459567-adidas-starlancer-iii-football
5481405,London 2012 Olympics Official Match Ball  Football - Size 5,http://tribesports.com/products/football/footballs/5481405-london-2012-olympics-official-match-ball-football-size-5
5619121,ADIDAS Starlancer III Football,http://tribesports.com/products/football/footballs/5619121-adidas-starlancer-iii-football
5619122,ADIDAS Starlancer III Football,http://tribesports.com/products/football/footballs/5619122-adidas-starlancer-iii-football
5635577,FA Cup 11/12 Neo Pro Official Match Football White/Red/Black,http://tribesports.com/products/football/footballs/5635577-fa-cup-1112-neo-pro-official-match-football-whiteredblack
5650739,Team GB Official Football White/Metallic Silver/Red /Air Force,http://tribesports.com/products/football/footballs/5650739-team-gb-official-football-whitemetallic-silverred-air-force
5692820,King XL Fifa Approved Match Football White/Black/Gold,http://tribesports.com/products/football/footballs/5692820-king-xl-fifa-approved-match-football-whiteblackgold
6168396,2012 Africa Cup of Nations Official Match Ball,http://tribesports.com/products/football/footballs/6168396-2012-africa-cup-of-nations-official-match-ball
6198562,Nike League Pitch Soccer Ball - Orange/Blue,http://tribesports.com/products/football/footballs/6198562-nike-league-pitch-soccer-ball-orangeblue
6198577,Nike League Pitch Soccer Ball - Red/Silver/Black,http://tribesports.com/products/football/footballs/6198577-nike-league-pitch-soccer-ball-redsilverblack
6199329,Finale Munich 12 Official Champions League Match Football White/Slime,http://tribesports.com/products/football/footballs/6199329-finale-munich-12-official-champions-league-match-football-whiteslime
6207102,Finale Munich 12 Official Champions League Match Football White/,http://tribesports.com/products/football/footballs/6207102-finale-munich-12-official-champions-league-match-football-white
6212504,adidas F50 X-ITE Soccer Ball - Prime Blue/Core Energy/White/Electricity,http://tribesports.com/products/football/footballs/6212504-adidas-f50-x-ite-soccer-ball-prime-bluecore-energywhiteelectricity
6229754,Nike T90 Seeker Soccer Ball - White/Anthracite/Red,http://tribesports.com/products/football/footballs/6229754-nike-t90-seeker-soccer-ball-whiteanthracitered
6230096,Nike Luma Soccer Ball - Blue/Orange/White,http://tribesports.com/products/football/footballs/6230096-nike-luma-soccer-ball-blueorangewhite
6230102,Nike Mercurial Fade Soccer Ball - Anthracite/Trace Blue/Cyber,http://tribesports.com/products/football/footballs/6230102-nike-mercurial-fade-soccer-ball-anthracitetrace-bluecyber
6235355,ADIDAS The Albert Olympics 2012 Glider Football,http://tribesports.com/products/football/footballs/6235355-adidas-the-albert-olympics-2012-glider-football
6244732,ADIDAS The Albert Olympics 2012 Glider Football,http://tribesports.com/products/football/footballs/6244732-adidas-the-albert-olympics-2012-glider-football
6272616,adidas F50 X-ITE Soccer Ball - Ultra Pop/Black,http://tribesports.com/products/football/footballs/6272616-adidas-f50-x-ite-soccer-ball-ultra-popblack
6272704,adidas F50 X-ITE Soccer Ball - High Energy/Electricity/Black,http://tribesports.com/products/football/footballs/6272704-adidas-f50-x-ite-soccer-ball-high-energyelectricityblack
6272706,adidas F50 X-ITE Soccer Ball - Electricity/Phantom/High Energy,http://tribesports.com/products/football/footballs/6272706-adidas-f50-x-ite-soccer-ball-electricityphantomhigh-energy
6293466,Tensile Carling Cup Issue Professional Fifa Approved Match Footb,http://tribesports.com/products/football/footballs/6293466-tensile-carling-cup-issue-professional-fifa-approved-match-footb
6307063,Stealth Training Football Silver/Blue/Black,http://tribesports.com/products/football/footballs/6307063-stealth-training-football-silverblueblack
6307095,Nike HG Acuto Team Ball,http://tribesports.com/products/football/footballs/6307095-nike-hg-acuto-team-ball
6307096,Nike Premier Team Fifa Ball,http://tribesports.com/products/football/footballs/6307096-nike-premier-team-fifa-ball
6307097,Nike Catalyst Team Ball,http://tribesports.com/products/football/footballs/6307097-nike-catalyst-team-ball
6322672,adidas F50 X-ITE Soccer Ball - Black/Warning/Electricity,http://tribesports.com/products/football/footballs/6322672-adidas-f50-x-ite-soccer-ball-blackwarningelectricity
6322694,adidas F50 X-ITE Soccer Ball - White/Black/Core Energy,http://tribesports.com/products/football/footballs/6322694-adidas-f50-x-ite-soccer-ball-whiteblackcore-energy
6394934,Nike T90 Pitch Soccer Ball - Blue/Silver/Black,http://tribesports.com/products/football/footballs/6394934-nike-t90-pitch-soccer-ball-bluesilverblack
6394935,Nike T90 Pitch Soccer Ball - Pink/Silver/Pink,http://tribesports.com/products/football/footballs/6394935-nike-t90-pitch-soccer-ball-pinksilverpink
6575171,Pro Max 26 Panel Professional Fifa Approved Football,http://tribesports.com/products/football/footballs/6575171-pro-max-26-panel-professional-fifa-approved-football
6575172,Ultimax 26 Panel Professional Fifa Approved Football,http://tribesports.com/products/football/footballs/6575172-ultimax-26-panel-professional-fifa-approved-football
6580173,Pro Max 26 Panel Professional Fifa Approved Football,http://tribesports.com/products/football/footballs/6580173-pro-max-26-panel-professional-fifa-approved-football
6580174,Ultimax 26 Panel Professional Fifa Approved Football,http://tribesports.com/products/football/footballs/6580174-ultimax-26-panel-professional-fifa-approved-football
6639986,MITRE Impel Football,http://tribesports.com/products/football/footballs/6639986-mitre-impel-football
6650355,Monta Akinory Freestyler ball,http://tribesports.com/products/football/footballs/6650355-monta-akinory-freestyler-ball
6650357,Monta Atsutane Freestyler ball,http://tribesports.com/products/football/footballs/6650357-monta-atsutane-freestyler-ball
6650449,Fa Cup Neo Replica Football White/Red/Black,http://tribesports.com/products/football/footballs/6650449-fa-cup-neo-replica-football-whiteredblack
6650839,NIKE Mercurial Fade Football,http://tribesports.com/products/football/footballs/6650839-nike-mercurial-fade-football
6666008,NIKE Mercurial Fade Football,http://tribesports.com/products/football/footballs/6666008-nike-mercurial-fade-football
6674764,adidas Euro 2012 Glider Ball - Black/Warning,http://tribesports.com/products/football/footballs/6674764-adidas-euro-2012-glider-ball-blackwarning
6674765,adidas Euro 2012 Glider Ball - High Energy/Electricity,http://tribesports.com/products/football/footballs/6674765-adidas-euro-2012-glider-ball-high-energyelectricity
6674766,adidas Euro 2012 Glider Ball - Slime/Dark Indigo,http://tribesports.com/products/football/footballs/6674766-adidas-euro-2012-glider-ball-slimedark-indigo
6674775,adidas Euro 2012 Glider Ball - Whtie/Anodized Sharp Blue/Warning,http://tribesports.com/products/football/footballs/6674775-adidas-euro-2012-glider-ball-whtieanodized-sharp-bluewarning
6674787,adidas FIFA 2012 NFHS Club Ball - White/Light Scarlet,http://tribesports.com/products/football/footballs/6674787-adidas-fifa-2012-nfhs-club-ball-whitelight-scarlet
6674799,adidas Euro 2012 Glider Ball - Zero Metallic/Ultra Pop,http://tribesports.com/products/football/footballs/6674799-adidas-euro-2012-glider-ball-zero-metallicultra-pop
6694585,Nike Nike5 Street Soccer Ball - Black/Blue/White,http://tribesports.com/products/football/footballs/6694585-nike-nike5-street-soccer-ball-blackbluewhite
6695403,Nike Mercurial Fade Soccer Ball - Blue/Black/Black,http://tribesports.com/products/football/footballs/6695403-nike-mercurial-fade-soccer-ball-blueblackblack
6695607,Nike T90 Laser Soccer Ball - Anthracite/Red/White,http://tribesports.com/products/football/footballs/6695607-nike-t90-laser-soccer-ball-anthraciteredwhite
6695609,Nike Mercurial Fade Soccer Ball - Anthracite/Black/Silver,http://tribesports.com/products/football/footballs/6695609-nike-mercurial-fade-soccer-ball-anthraciteblacksilver
6704007,Nike Mercurial Mach Soccer Ball - Anthracite/Orange/Black,http://tribesports.com/products/football/footballs/6704007-nike-mercurial-mach-soccer-ball-anthraciteorangeblack
6706516,12-13 Holland Skills Ball,http://tribesports.com/products/football/footballs/6706516-12-13-holland-skills-ball
6706517,12-13 Holland Supporters Ball,http://tribesports.com/products/football/footballs/6706517-12-13-holland-supporters-ball
6772748,adidas FIFA 2012 Artificial Turf Ball - White/Real Green,http://tribesports.com/products/football/footballs/6772748-adidas-fifa-2012-artificial-turf-ball-whitereal-green
6857462,MITRE Ultimatch Fluo Football,http://tribesports.com/products/football/footballs/6857462-mitre-ultimatch-fluo-football
6929926,MITRE Ultimatch Fluo Football,http://tribesports.com/products/football/footballs/6929926-mitre-ultimatch-fluo-football
6951245,England Neo Pro Official Match Football White/Red,http://tribesports.com/products/football/footballs/6951245-england-neo-pro-official-match-football-whitered
6952647,England Neo Pro Official Match Football White/Red,http://tribesports.com/products/football/footballs/6952647-england-neo-pro-official-match-football-whitered
6959608,England Neo Pro Training Football White/Red,http://tribesports.com/products/football/footballs/6959608-england-neo-pro-training-football-whitered
6962457,England Neo Pro Training Football White/Red,http://tribesports.com/products/football/footballs/6962457-england-neo-pro-training-football-whitered
6998784,MITRE Tactic Fluo Football,http://tribesports.com/products/football/footballs/6998784-mitre-tactic-fluo-football
6998785,MITRE Tactic Football,http://tribesports.com/products/football/footballs/6998785-mitre-tactic-football
7000553,adidas 11Pro Glider Ball - Black/Slime/Metallic Silver,http://tribesports.com/products/football/footballs/7000553-adidas-11pro-glider-ball-blackslimemetallic-silver
7000568,adidas 11Pro Glider Ball - White/Black/Warning,http://tribesports.com/products/football/footballs/7000568-adidas-11pro-glider-ball-whiteblackwarning
7008450,Olympics 2012 The Albert Official Un-Boxed Match Ball,http://tribesports.com/products/football/footballs/7008450-olympics-2012-the-albert-official-un-boxed-match-ball
7008451,Olympics 2012 Glider Official Training Ball,http://tribesports.com/products/football/footballs/7008451-olympics-2012-glider-official-training-ball
7008453,Olympics 2012 The Albert Official Boxed Match Ball,http://tribesports.com/products/football/footballs/7008453-olympics-2012-the-albert-official-boxed-match-ball
7008458,Olympics 2012 Glider Official Training Ball Pink,http://tribesports.com/products/football/footballs/7008458-olympics-2012-glider-official-training-ball-pink
7011536,Olympics 2012 The Albert Official Un-Boxed Match Ball,http://tribesports.com/products/football/footballs/7011536-olympics-2012-the-albert-official-un-boxed-match-ball
7011537,Olympics 2012 Glider Official Training Ball,http://tribesports.com/products/football/footballs/7011537-olympics-2012-glider-official-training-ball
7011538,Olympics 2012 The Albert Official Boxed Match Ball,http://tribesports.com/products/football/footballs/7011538-olympics-2012-the-albert-official-boxed-match-ball
7011540,Olympics 2012 Glider Official Training Ball Pink,http://tribesports.com/products/football/footballs/7011540-olympics-2012-glider-official-training-ball-pink
7032092,MITRE Tactic Football,http://tribesports.com/products/football/footballs/7032092-mitre-tactic-football
7032093,MITRE Tactic Fluo Football,http://tribesports.com/products/football/footballs/7032093-mitre-tactic-fluo-football
7054839,Nike Pitch Soccer Ball - Prism Pink/Fireberry,http://tribesports.com/products/football/footballs/7054839-nike-pitch-soccer-ball-prism-pinkfireberry
7054864,Nike Pitch Soccer Ball - Dark Obsidian/Cyan/White,http://tribesports.com/products/football/footballs/7054864-nike-pitch-soccer-ball-dark-obsidiancyanwhite
7068946,2012 Barcelona Skills Ball,http://tribesports.com/products/football/footballs/7068946-2012-barcelona-skills-ball
7068947,12-13 Barcelona Prestige Ball,http://tribesports.com/products/football/footballs/7068947-12-13-barcelona-prestige-ball
7099589,12-13 Poland Skills Ball,http://tribesports.com/products/football/footballs/7099589-12-13-poland-skills-ball
7099590,2012  Man Utd Skills Ball,http://tribesports.com/products/football/footballs/7099590-2012-man-utd-skills-ball
7099592,12-13 France Prestige Ball,http://tribesports.com/products/football/footballs/7099592-12-13-france-prestige-ball
7099593,12-13 Holland Prestige Ball,http://tribesports.com/products/football/footballs/7099593-12-13-holland-prestige-ball
7099604,2012 The Albert Olympics Official Match Ball,http://tribesports.com/products/football/footballs/7099604-2012-the-albert-olympics-official-match-ball
7099617,Starlancer III Football Infra Red,http://tribesports.com/products/football/footballs/7099617-starlancer-iii-football-infra-red
7104149,Starlancer III Football Infra Red,http://tribesports.com/products/football/footballs/7104149-starlancer-iii-football-infra-red
7135652,Evospeed Football White/Red/Limoges,http://tribesports.com/products/football/footballs/7135652-evospeed-football-whiteredlimoges
7135653,Powercat Mini Football Navy/Orange,http://tribesports.com/products/football/footballs/7135653-powercat-mini-football-navyorange
7135654,Powercat Force Football White/Black/Silver,http://tribesports.com/products/football/footballs/7135654-powercat-force-football-whiteblacksilver
7135689,2012 Hambuerg SV Torfabrik Mini Ball,http://tribesports.com/products/football/footballs/7135689-2012-hambuerg-sv-torfabrik-mini-ball
7138197,Euro 2012 Tango Final Mini Football,http://tribesports.com/products/football/footballs/7138197-euro-2012-tango-final-mini-football
7176675,Euro 2012 Tango 12 Official Championship Final Match Ball,http://tribesports.com/products/football/footballs/7176675-euro-2012-tango-12-official-championship-final-match-ball
7176676,Euro 2012 Fin Top Replique European Championship Football White/,http://tribesports.com/products/football/footballs/7176676-euro-2012-fin-top-replique-european-championship-football-white
7200845,PUMA Esito MS Football,http://tribesports.com/products/football/footballs/7200845-puma-esito-ms-football
7235120,Euro 2012 Tango Final Mini Ball,http://tribesports.com/products/football/footballs/7235120-euro-2012-tango-final-mini-ball
7281788,PUMA Esito MS Football,http://tribesports.com/products/football/footballs/7281788-puma-esito-ms-football
7304222,2012 Euro Tango Glider Ball - White,http://tribesports.com/products/football/footballs/7304222-2012-euro-tango-glider-ball-white
7322046,Powercat Graphic Football Navy/Orange,http://tribesports.com/products/football/footballs/7322046-powercat-graphic-football-navyorange
7322054,Evospeed 5 Mini Football White/Red/Limoges,http://tribesports.com/products/football/footballs/7322054-evospeed-5-mini-football-whiteredlimoges
7322055,11 Glider Training Football White/Bright Blue,http://tribesports.com/products/football/footballs/7322055-11-glider-training-football-whitebright-blue
7328364,2012 Real Madrid UCL Finale Mini Ball,http://tribesports.com/products/football/footballs/7328364-2012-real-madrid-ucl-finale-mini-ball
7328366,2012 Chelsea UCL Finale Mini Ball,http://tribesports.com/products/football/footballs/7328366-2012-chelsea-ucl-finale-mini-ball
7356991,2012 Bundesliga Torfabrik Junior 350 Ball,http://tribesports.com/products/football/footballs/7356991-2012-bundesliga-torfabrik-junior-350-ball
7364299,12-13 Bayern Munich Torfabrik Mini Ball,http://tribesports.com/products/football/footballs/7364299-12-13-bayern-munich-torfabrik-mini-ball
7382215,Finale 12 Capitano Official Match Football,http://tribesports.com/products/football/footballs/7382215-finale-12-capitano-official-match-football
7395450,Finale 12 Official Champions League Match Football White/Lime,http://tribesports.com/products/football/footballs/7395450-finale-12-official-champions-league-match-football-whitelime
7408338,12-13 Bayern Munich UCL Finale Mini Ball,http://tribesports.com/products/football/footballs/7408338-12-13-bayern-munich-ucl-finale-mini-ball
7412460,Finale 12 Official Champions League Match Football White/Lime,http://tribesports.com/products/football/footballs/7412460-finale-12-official-champions-league-match-football-whitelime
7419993,Finale 12 Official Champions League Match Football Warning/Tech Onix,http://tribesports.com/products/football/footballs/7419993-finale-12-official-champions-league-match-football-warningtech-onix
7451489,Finale 12 Official Champions League Match Football Warning/Tech,http://tribesports.com/products/football/footballs/7451489-finale-12-official-champions-league-match-football-warningtech
7456432,Starlancer III Football White/Black,http://tribesports.com/products/football/footballs/7456432-starlancer-iii-football-whiteblack
7484090,Starlancer III Football White/Black,http://tribesports.com/products/football/footballs/7484090-starlancer-iii-football-whiteblack
7515971,2012 AC Milan UCL Finale Mini Ball,http://tribesports.com/products/football/footballs/7515971-2012-ac-milan-ucl-finale-mini-ball
7519723,Tensile Professional Fifa Approved Match Football White/Maroon,http://tribesports.com/products/football/footballs/7519723-tensile-professional-fifa-approved-match-football-whitemaroon
7519724,Max Professional Fifa Approved Football White Red,http://tribesports.com/products/football/footballs/7519724-max-professional-fifa-approved-football-white-red
7519725,Ciero Match Football White,http://tribesports.com/products/football/footballs/7519725-ciero-match-football-white
7519726,Intension Fifa Inspected Match Football White/Silver,http://tribesports.com/products/football/footballs/7519726-intension-fifa-inspected-match-football-whitesilver
7519727,Tensor 10 Panel Training Football White/Maroon,http://tribesports.com/products/football/footballs/7519727-tensor-10-panel-training-football-whitemaroon
7519728,Intension Match Football White/Silver,http://tribesports.com/products/football/footballs/7519728-intension-match-football-whitesilver
7519729,Malmo 18 Panel Training Football White,http://tribesports.com/products/football/footballs/7519729-malmo-18-panel-training-football-white
7519730,Ace 32 Panel Training Football White/Red/Gold,http://tribesports.com/products/football/footballs/7519730-ace-32-panel-training-football-whiteredgold
7519731,Pro Futsal 32 Panel Fifa Approved Football White,http://tribesports.com/products/football/footballs/7519731-pro-futsal-32-panel-fifa-approved-football-white
7519732,Futsal Tempest Training Football White,http://tribesports.com/products/football/footballs/7519732-futsal-tempest-training-football-white
7523572,Nike Pitch Soccer Ball - Orange/Black/Black,http://tribesports.com/products/football/footballs/7523572-nike-pitch-soccer-ball-orangeblackblack
7523822,Nike Luma Soccer Ball - Green/Blue/Blue,http://tribesports.com/products/football/footballs/7523822-nike-luma-soccer-ball-greenblueblue
7524601,Nike CTR360 Echo Soccer Ball - Yellow/Black/White,http://tribesports.com/products/football/footballs/7524601-nike-ctr360-echo-soccer-ball-yellowblackwhite
7529588,Futsal Stratos Match Football White,http://tribesports.com/products/football/footballs/7529588-futsal-stratos-match-football-white
7531453,Tensile Professional Fifa Approved Match Football White/Maroon,http://tribesports.com/products/football/footballs/7531453-tensile-professional-fifa-approved-match-football-whitemaroon
7531457,Max Professional Fifa Approved Football White Red,http://tribesports.com/products/football/footballs/7531457-max-professional-fifa-approved-football-white-red
7531460,Ciero Match Football White,http://tribesports.com/products/football/footballs/7531460-ciero-match-football-white
7531464,Intension Fifa Inspected Match Football White/Silver,http://tribesports.com/products/football/footballs/7531464-intension-fifa-inspected-match-football-whitesilver
7531473,Intension Match Football White/Silver,http://tribesports.com/products/football/footballs/7531473-intension-match-football-whitesilver
7569489,Nike Mercurial Fade Soccer Ball - Silver/White/Solar Red,http://tribesports.com/products/football/footballs/7569489-nike-mercurial-fade-soccer-ball-silverwhitesolar-red
7593188,Barcelona Nike Club Prestige Soccer Ball - Red/White,http://tribesports.com/products/football/footballs/7593188-barcelona-nike-club-prestige-soccer-ball-redwhite
7593200,Manchester United Nike Club Prestige Soccer Ball - Red/White,http://tribesports.com/products/football/footballs/7593200-manchester-united-nike-club-prestige-soccer-ball-redwhite
7593544,Nike Maxim Soccer Ball - White/Blue/Blue,http://tribesports.com/products/football/footballs/7593544-nike-maxim-soccer-ball-whiteblueblue
7593571,Manchester United Nike Club Supporter Soccer Ball - Black/White,http://tribesports.com/products/football/footballs/7593571-manchester-united-nike-club-supporter-soccer-ball-blackwhite
