66399,Cinelli Gazzetta Track Bike 2011,http://tribesports.com/products/cycling/bikes/single-speed-bikes/66399-cinelli-gazzetta-track-bike-2011
466298,Viva Pista 2 Single Speed Road Bike,http://tribesports.com/products/cycling/bikes/single-speed-bikes/466298-viva-pista-2-single-speed-road-bike
615920,Subrosa Malum Fixed 2011 Single Speed Bike,http://tribesports.com/products/cycling/bikes/single-speed-bikes/615920-subrosa-malum-fixed-2011-single-speed-bike
905813,Felt Footprint 2011,http://tribesports.com/products/cycling/bikes/single-speed-bikes/905813-felt-footprint-2011
937783,Charge Plug Freestyle 2011 Single Speed Road Bike,http://tribesports.com/products/cycling/bikes/single-speed-bikes/937783-charge-plug-freestyle-2011-single-speed-road-bike
1039624,Bianchi Pista VIA Condotti Steel 2012 Single Speed Road Bike,http://tribesports.com/products/cycling/bikes/single-speed-bikes/1039624-bianchi-pista-via-condotti-steel-2012-single-speed-road-bike
1039625,Bianchi Pista Sei Giorni 2012 Single Speed Road Bike,http://tribesports.com/products/cycling/bikes/single-speed-bikes/1039625-bianchi-pista-sei-giorni-2012-single-speed-road-bike
1039626,Bianchi Pista VIA Brera Steel 2012 Single Speed Road Bike,http://tribesports.com/products/cycling/bikes/single-speed-bikes/1039626-bianchi-pista-via-brera-steel-2012-single-speed-road-bike
1039627,Bianchi Pista Dalmine 2012 Single Speed Road Bike,http://tribesports.com/products/cycling/bikes/single-speed-bikes/1039627-bianchi-pista-dalmine-2012-single-speed-road-bike
1102781,Cooper T100 Spa 2011 Single Speed Road Bike,http://tribesports.com/products/cycling/bikes/single-speed-bikes/1102781-cooper-t100-spa-2011-single-speed-road-bike
1112422,Pace 42:16 Street Edition 2011,http://tribesports.com/products/cycling/bikes/single-speed-bikes/1112422-pace-4216-street-edition-2011
1162337,Charge Plug Freestyler 2011,http://tribesports.com/products/cycling/bikes/single-speed-bikes/1162337-charge-plug-freestyler-2011
1168975,Charge Sink 2011 Single Speed Road Bike,http://tribesports.com/products/cycling/bikes/single-speed-bikes/1168975-charge-sink-2011-single-speed-road-bike
2439941,Charge Hob 2012,http://tribesports.com/products/cycling/bikes/single-speed-bikes/2439941-charge-hob-2012
2439943,Charge Plug 2012,http://tribesports.com/products/cycling/bikes/single-speed-bikes/2439943-charge-plug-2012
2439944,Charge Plug Prestige 2012,http://tribesports.com/products/cycling/bikes/single-speed-bikes/2439944-charge-plug-prestige-2012
2439945,Charge Scissor 2012,http://tribesports.com/products/cycling/bikes/single-speed-bikes/2439945-charge-scissor-2012
2453373,Charge Plug Prestige 2012 Single Speed Road Bike,http://tribesports.com/products/cycling/bikes/single-speed-bikes/2453373-charge-plug-prestige-2012-single-speed-road-bike
2575383,Cinelli Mystic Rats 2012,http://tribesports.com/products/cycling/bikes/single-speed-bikes/2575383-cinelli-mystic-rats-2012
2575388,Cinelli Gazzetta 2012,http://tribesports.com/products/cycling/bikes/single-speed-bikes/2575388-cinelli-gazzetta-2012
2575389,Cinelli Mash Histogram Ultimate 2012,http://tribesports.com/products/cycling/bikes/single-speed-bikes/2575389-cinelli-mash-histogram-ultimate-2012
2575403,Pinarello Catena 2012,http://tribesports.com/products/cycling/bikes/single-speed-bikes/2575403-pinarello-catena-2012
2575404,Pinarello Diesel 2012,http://tribesports.com/products/cycling/bikes/single-speed-bikes/2575404-pinarello-diesel-2012
2603722,BMC Masschallenge MC01 Team Spec 2012 Single Speed Bike,http://tribesports.com/products/cycling/bikes/single-speed-bikes/2603722-bmc-masschallenge-mc01-team-spec-2012-single-speed-bike
2606811,Fuji Feather 2012 Single Speed Bike,http://tribesports.com/products/cycling/bikes/single-speed-bikes/2606811-fuji-feather-2012-single-speed-bike
2671524,Charge Hob 2012 Women's Single Speed Road Bike,http://tribesports.com/products/cycling/bikes/single-speed-bikes/2671524-charge-hob-2012-womens-single-speed-road-bike
2671526,Charge Plug 2012 Single Speed Road Bike,http://tribesports.com/products/cycling/bikes/single-speed-bikes/2671526-charge-plug-2012-single-speed-road-bike
2671694,Fuji Classic Track Steel 2012 Single Speed Bike,http://tribesports.com/products/cycling/bikes/single-speed-bikes/2671694-fuji-classic-track-steel-2012-single-speed-bike
2671695,Fuji Classic Track Steel 650c 2012 Single Speed Bike,http://tribesports.com/products/cycling/bikes/single-speed-bikes/2671695-fuji-classic-track-steel-650c-2012-single-speed-bike
2671696,Fuji Classic Track Alloy 2012 Single Speed Bike,http://tribesports.com/products/cycling/bikes/single-speed-bikes/2671696-fuji-classic-track-alloy-2012-single-speed-bike
2873654,Genesis Madison 2012 Single Speed Track Bike,http://tribesports.com/products/cycling/bikes/single-speed-bikes/2873654-genesis-madison-2012-single-speed-track-bike
3170050,Halcyon Raven 2011 - Single Speed City Bike,http://tribesports.com/products/cycling/bikes/single-speed-bikes/3170050-halcyon-raven-2011-single-speed-city-bike
4019752,Novara Afterburner Single-Speed Trailer Bike,http://tribesports.com/products/cycling/bikes/single-speed-bikes/4019752-novara-afterburner-single-speed-trailer-bike
4020243,Novara Duster 20'' Single-Speed Bike - 2012,http://tribesports.com/products/cycling/bikes/single-speed-bikes/4020243-novara-duster-20-single-speed-bike-2012
4064950,SE Draft Lite Single/Fixed Bike Pink 58cm,http://tribesports.com/products/cycling/bikes/single-speed-bikes/4064950-se-draft-lite-singlefixed-bike-pink-58cm
4064955,SE Pk Fixed Gear Bike 53cm Black,http://tribesports.com/products/cycling/bikes/single-speed-bikes/4064955-se-pk-fixed-gear-bike-53cm-black
4064958,SE Pk Fixed Gear Single Speed Bike 58cm Black,http://tribesports.com/products/cycling/bikes/single-speed-bikes/4064958-se-pk-fixed-gear-single-speed-bike-58cm-black
4064964,SE Premium Ale Single/Fixed Bike Dragon Blue 54cm,http://tribesports.com/products/cycling/bikes/single-speed-bikes/4064964-se-premium-ale-singlefixed-bike-dragon-blue-54cm
4064968,SE Premium Ale Single/Fixed Bike Dragon Blue 56cm,http://tribesports.com/products/cycling/bikes/single-speed-bikes/4064968-se-premium-ale-singlefixed-bike-dragon-blue-56cm
4064973,SE Premium Ale Single/Fixed Bike Dragon Blue 58cm,http://tribesports.com/products/cycling/bikes/single-speed-bikes/4064973-se-premium-ale-singlefixed-bike-dragon-blue-58cm
4064999,"SE OM Flyer Single Bike Yellow 26""",http://tribesports.com/products/cycling/bikes/single-speed-bikes/4064999-se-om-flyer-single-bike-yellow-26
4065211,SE PK Fixed Gear Single Speed Bike Black 49cm - Men's,http://tribesports.com/products/cycling/bikes/single-speed-bikes/4065211-se-pk-fixed-gear-single-speed-bike-black-49cm-mens
4065218,SE Draft Lite Single Speed Bike Purple 54cm,http://tribesports.com/products/cycling/bikes/single-speed-bikes/4065218-se-draft-lite-single-speed-bike-purple-54cm
4065225,SE Draft Lite Single Speed Bike Purple 56cm,http://tribesports.com/products/cycling/bikes/single-speed-bikes/4065225-se-draft-lite-single-speed-bike-purple-56cm
4065230,SE Draft Lite Single Speed Bike Purple 58cm,http://tribesports.com/products/cycling/bikes/single-speed-bikes/4065230-se-draft-lite-single-speed-bike-purple-58cm
4065237,SE Draft Lite Single Speed Bike Purple 61cm,http://tribesports.com/products/cycling/bikes/single-speed-bikes/4065237-se-draft-lite-single-speed-bike-purple-61cm
4065294,SE Draft Coaster Single Speed Bike Grey 52cm,http://tribesports.com/products/cycling/bikes/single-speed-bikes/4065294-se-draft-coaster-single-speed-bike-grey-52cm
4065301,SE Draft Coaster Single Speed Bike Grey 54cm,http://tribesports.com/products/cycling/bikes/single-speed-bikes/4065301-se-draft-coaster-single-speed-bike-grey-54cm
4065343,SE Draft Lite Single Speed Bike Black Matte 52cm,http://tribesports.com/products/cycling/bikes/single-speed-bikes/4065343-se-draft-lite-single-speed-bike-black-matte-52cm
4065350,SE Draft Lite Single Speed Bike Gray 54cm,http://tribesports.com/products/cycling/bikes/single-speed-bikes/4065350-se-draft-lite-single-speed-bike-gray-54cm
4065418,SE Draft Lite Single Speed Bike Gray 56cm,http://tribesports.com/products/cycling/bikes/single-speed-bikes/4065418-se-draft-lite-single-speed-bike-gray-56cm
4065426,SE Draft Lite Single Speed Bike Black Matte 56cm,http://tribesports.com/products/cycling/bikes/single-speed-bikes/4065426-se-draft-lite-single-speed-bike-black-matte-56cm
4065442,SE Draft Lite Single Speed Bike Black Matte 58cm,http://tribesports.com/products/cycling/bikes/single-speed-bikes/4065442-se-draft-lite-single-speed-bike-black-matte-58cm
4065449,SE Draft Lite Single Speed Bike White 58cm,http://tribesports.com/products/cycling/bikes/single-speed-bikes/4065449-se-draft-lite-single-speed-bike-white-58cm
4065478,SE Draft Single Speed Bike Blue 43cm,http://tribesports.com/products/cycling/bikes/single-speed-bikes/4065478-se-draft-single-speed-bike-blue-43cm
4065486,SE Draft Single Speed Bike Blue 47cm,http://tribesports.com/products/cycling/bikes/single-speed-bikes/4065486-se-draft-single-speed-bike-blue-47cm
4065496,SE Draft Single Speed Bike Blue 49cm,http://tribesports.com/products/cycling/bikes/single-speed-bikes/4065496-se-draft-single-speed-bike-blue-49cm
4065501,SE Draft Single Speed Bike Purple 49cm,http://tribesports.com/products/cycling/bikes/single-speed-bikes/4065501-se-draft-single-speed-bike-purple-49cm
4065507,SE Draft Single Speed Bike Blue 52cm,http://tribesports.com/products/cycling/bikes/single-speed-bikes/4065507-se-draft-single-speed-bike-blue-52cm
4065514,SE Draft Single Speed Bike Purple 52cm,http://tribesports.com/products/cycling/bikes/single-speed-bikes/4065514-se-draft-single-speed-bike-purple-52cm
4065521,SE Draft Single Speed Bike Blue 54cm,http://tribesports.com/products/cycling/bikes/single-speed-bikes/4065521-se-draft-single-speed-bike-blue-54cm
4065526,SE Draft Single Speed Bike Purple 54cm,http://tribesports.com/products/cycling/bikes/single-speed-bikes/4065526-se-draft-single-speed-bike-purple-54cm
4065530,SE Draft Single Speed Bike Purple 56cm,http://tribesports.com/products/cycling/bikes/single-speed-bikes/4065530-se-draft-single-speed-bike-purple-56cm
4065543,SE Draft Single Speed Bike Purple 58cm,http://tribesports.com/products/cycling/bikes/single-speed-bikes/4065543-se-draft-single-speed-bike-purple-58cm
4065549,SE Draft Single Speed Bike Blue 61cm,http://tribesports.com/products/cycling/bikes/single-speed-bikes/4065549-se-draft-single-speed-bike-blue-61cm
4065557,"SE Big Ripper BMX Bike Black 29""",http://tribesports.com/products/cycling/bikes/single-speed-bikes/4065557-se-big-ripper-bmx-bike-black-29
4065564,"SE So Cal Flyer BMX Bike Blue Soda 24""",http://tribesports.com/products/cycling/bikes/single-speed-bikes/4065564-se-so-cal-flyer-bmx-bike-blue-soda-24
4065569,"SE So Cal Flyer BMX Bike Grey Metallic 24""",http://tribesports.com/products/cycling/bikes/single-speed-bikes/4065569-se-so-cal-flyer-bmx-bike-grey-metallic-24
4065625,"SE Soda Pop BMX Bike Black 24""",http://tribesports.com/products/cycling/bikes/single-speed-bikes/4065625-se-soda-pop-bmx-bike-black-24
4065630,"SE Soda Pop BMX Bike Blue Shade 24""",http://tribesports.com/products/cycling/bikes/single-speed-bikes/4065630-se-soda-pop-bmx-bike-blue-shade-24
4168604,Gran Royale Creeper Fixed Gear Bike 700C Black 52cm,http://tribesports.com/products/cycling/bikes/single-speed-bikes/4168604-gran-royale-creeper-fixed-gear-bike-700c-black-52cm
4168608,Gran Royale Creeper Fixed Gear Bike 700C Black 54cm,http://tribesports.com/products/cycling/bikes/single-speed-bikes/4168608-gran-royale-creeper-fixed-gear-bike-700c-black-54cm
4168611,Gran Royale Creeper Fixed Gear Bike 700C Black 56cm,http://tribesports.com/products/cycling/bikes/single-speed-bikes/4168611-gran-royale-creeper-fixed-gear-bike-700c-black-56cm
4168613,Gran Royale Creeper Fixed Gear Bike 700C Black 58cm,http://tribesports.com/products/cycling/bikes/single-speed-bikes/4168613-gran-royale-creeper-fixed-gear-bike-700c-black-58cm
4168617,Gran Royale Union Flyer Family Bike 700C Black Large,http://tribesports.com/products/cycling/bikes/single-speed-bikes/4168617-gran-royale-union-flyer-family-bike-700c-black-large
4168621,Gran Royale Union Flyer Family Bike 700C Black Medium,http://tribesports.com/products/cycling/bikes/single-speed-bikes/4168621-gran-royale-union-flyer-family-bike-700c-black-medium
4168622,Gran Royale Union Flyer Bike 700C Blue Medium,http://tribesports.com/products/cycling/bikes/single-speed-bikes/4168622-gran-royale-union-flyer-bike-700c-blue-medium
4168625,Gran Royale Union Flyer Family Bike 700C Green Large,http://tribesports.com/products/cycling/bikes/single-speed-bikes/4168625-gran-royale-union-flyer-family-bike-700c-green-large
4176070,SE Draft Lite Single/Fixed Bike Pink 58cm,http://tribesports.com/products/cycling/bikes/single-speed-bikes/4176070-se-draft-lite-singlefixed-bike-pink-58cm
4176072,SE Pk Fixed Gear Bike 53cm Black,http://tribesports.com/products/cycling/bikes/single-speed-bikes/4176072-se-pk-fixed-gear-bike-53cm-black
4176074,SE Pk Fixed Gear Single Speed Bike 58cm Black,http://tribesports.com/products/cycling/bikes/single-speed-bikes/4176074-se-pk-fixed-gear-single-speed-bike-58cm-black
4176075,SE Premium Ale Single/Fixed Bike Dragon Blue 54cm,http://tribesports.com/products/cycling/bikes/single-speed-bikes/4176075-se-premium-ale-singlefixed-bike-dragon-blue-54cm
4176077,SE Premium Ale Single/Fixed Bike Dragon Blue 56cm,http://tribesports.com/products/cycling/bikes/single-speed-bikes/4176077-se-premium-ale-singlefixed-bike-dragon-blue-56cm
4176078,SE Premium Ale Single/Fixed Bike Dragon Blue 58cm,http://tribesports.com/products/cycling/bikes/single-speed-bikes/4176078-se-premium-ale-singlefixed-bike-dragon-blue-58cm
4176088,"SE OM Flyer Single Bike Yellow 26""",http://tribesports.com/products/cycling/bikes/single-speed-bikes/4176088-se-om-flyer-single-bike-yellow-26
4176163,SE PK Fixed Gear Single Speed Bike Black 49cm - Men's,http://tribesports.com/products/cycling/bikes/single-speed-bikes/4176163-se-pk-fixed-gear-single-speed-bike-black-49cm-mens
4176167,SE Draft Lite Single Speed Bike Purple 54cm,http://tribesports.com/products/cycling/bikes/single-speed-bikes/4176167-se-draft-lite-single-speed-bike-purple-54cm
4176172,SE Draft Lite Single Speed Bike Purple 56cm,http://tribesports.com/products/cycling/bikes/single-speed-bikes/4176172-se-draft-lite-single-speed-bike-purple-56cm
4176173,SE Draft Lite Single Speed Bike Purple 58cm,http://tribesports.com/products/cycling/bikes/single-speed-bikes/4176173-se-draft-lite-single-speed-bike-purple-58cm
4176177,SE Draft Lite Single Speed Bike Purple 61cm,http://tribesports.com/products/cycling/bikes/single-speed-bikes/4176177-se-draft-lite-single-speed-bike-purple-61cm
4176210,SE Draft Coaster Single Speed Bike Grey 52cm,http://tribesports.com/products/cycling/bikes/single-speed-bikes/4176210-se-draft-coaster-single-speed-bike-grey-52cm
4176217,SE Draft Coaster Single Speed Bike Grey 54cm,http://tribesports.com/products/cycling/bikes/single-speed-bikes/4176217-se-draft-coaster-single-speed-bike-grey-54cm
4176271,SE Draft Lite Single Speed Bike Black Matte 52cm,http://tribesports.com/products/cycling/bikes/single-speed-bikes/4176271-se-draft-lite-single-speed-bike-black-matte-52cm
4176280,SE Draft Lite Single Speed Bike Gray 54cm,http://tribesports.com/products/cycling/bikes/single-speed-bikes/4176280-se-draft-lite-single-speed-bike-gray-54cm
4176288,SE Draft Lite Single Speed Bike Gray 56cm,http://tribesports.com/products/cycling/bikes/single-speed-bikes/4176288-se-draft-lite-single-speed-bike-gray-56cm
4176294,SE Draft Lite Single Speed Bike Black Matte 56cm,http://tribesports.com/products/cycling/bikes/single-speed-bikes/4176294-se-draft-lite-single-speed-bike-black-matte-56cm
4176302,SE Draft Lite Single Speed Bike Black Matte 58cm,http://tribesports.com/products/cycling/bikes/single-speed-bikes/4176302-se-draft-lite-single-speed-bike-black-matte-58cm
4176304,SE Draft Lite Single Speed Bike White 58cm,http://tribesports.com/products/cycling/bikes/single-speed-bikes/4176304-se-draft-lite-single-speed-bike-white-58cm
4176322,SE Draft Single Speed Bike Blue 43cm,http://tribesports.com/products/cycling/bikes/single-speed-bikes/4176322-se-draft-single-speed-bike-blue-43cm
4176327,SE Draft Single Speed Bike Blue 47cm,http://tribesports.com/products/cycling/bikes/single-speed-bikes/4176327-se-draft-single-speed-bike-blue-47cm
4176333,SE Draft Single Speed Bike Blue 49cm,http://tribesports.com/products/cycling/bikes/single-speed-bikes/4176333-se-draft-single-speed-bike-blue-49cm
4176337,SE Draft Single Speed Bike Purple 49cm,http://tribesports.com/products/cycling/bikes/single-speed-bikes/4176337-se-draft-single-speed-bike-purple-49cm
4176340,SE Draft Single Speed Bike Blue 52cm,http://tribesports.com/products/cycling/bikes/single-speed-bikes/4176340-se-draft-single-speed-bike-blue-52cm
4176341,SE Draft Single Speed Bike Purple 52cm,http://tribesports.com/products/cycling/bikes/single-speed-bikes/4176341-se-draft-single-speed-bike-purple-52cm
4176344,SE Draft Single Speed Bike Blue 54cm,http://tribesports.com/products/cycling/bikes/single-speed-bikes/4176344-se-draft-single-speed-bike-blue-54cm
4176346,SE Draft Single Speed Bike Purple 54cm,http://tribesports.com/products/cycling/bikes/single-speed-bikes/4176346-se-draft-single-speed-bike-purple-54cm
4176347,SE Draft Single Speed Bike Purple 56cm,http://tribesports.com/products/cycling/bikes/single-speed-bikes/4176347-se-draft-single-speed-bike-purple-56cm
4176354,SE Draft Single Speed Bike Purple 58cm,http://tribesports.com/products/cycling/bikes/single-speed-bikes/4176354-se-draft-single-speed-bike-purple-58cm
4176359,SE Draft Single Speed Bike Blue 61cm,http://tribesports.com/products/cycling/bikes/single-speed-bikes/4176359-se-draft-single-speed-bike-blue-61cm
4176363,"SE Big Ripper BMX Bike Black 29""",http://tribesports.com/products/cycling/bikes/single-speed-bikes/4176363-se-big-ripper-bmx-bike-black-29
4176368,"SE So Cal Flyer BMX Bike Blue Soda 24""",http://tribesports.com/products/cycling/bikes/single-speed-bikes/4176368-se-so-cal-flyer-bmx-bike-blue-soda-24
4176371,"SE So Cal Flyer BMX Bike Grey Metallic 24""",http://tribesports.com/products/cycling/bikes/single-speed-bikes/4176371-se-so-cal-flyer-bmx-bike-grey-metallic-24
4176410,"SE Soda Pop BMX Bike Black 24""",http://tribesports.com/products/cycling/bikes/single-speed-bikes/4176410-se-soda-pop-bmx-bike-black-24
4176413,"SE Soda Pop BMX Bike Blue Shade 24""",http://tribesports.com/products/cycling/bikes/single-speed-bikes/4176413-se-soda-pop-bmx-bike-blue-shade-24
4192970,Schwinn Alloy DX Single Speed Bike Light Blue/Dark Blue 26in,http://tribesports.com/products/cycling/bikes/single-speed-bikes/4192970-schwinn-alloy-dx-single-speed-bike-light-bluedark-blue-26in
4192971,"SE OM Flyer Single Bike Yellow 26""",http://tribesports.com/products/cycling/bikes/single-speed-bikes/4192971-se-om-flyer-single-bike-yellow-26
4192987,SE Draft Lite Single/Fixed Bike Pink 58cm,http://tribesports.com/products/cycling/bikes/single-speed-bikes/4192987-se-draft-lite-singlefixed-bike-pink-58cm
4192988,SE Premium Ale Single/Fixed Bike Dragon Blue 54cm,http://tribesports.com/products/cycling/bikes/single-speed-bikes/4192988-se-premium-ale-singlefixed-bike-dragon-blue-54cm
4192989,SE Premium Ale Single/Fixed Bike Dragon Blue 56cm,http://tribesports.com/products/cycling/bikes/single-speed-bikes/4192989-se-premium-ale-singlefixed-bike-dragon-blue-56cm
4192990,SE Premium Ale Single/Fixed Bike Dragon Blue 58cm,http://tribesports.com/products/cycling/bikes/single-speed-bikes/4192990-se-premium-ale-singlefixed-bike-dragon-blue-58cm
4193002,SE Draft Lite Bike 56cm Red Semi Matte,http://tribesports.com/products/cycling/bikes/single-speed-bikes/4193002-se-draft-lite-bike-56cm-red-semi-matte
4193003,SE Draft Lite Bike 58cm Red Semi Matte,http://tribesports.com/products/cycling/bikes/single-speed-bikes/4193003-se-draft-lite-bike-58cm-red-semi-matte
4193004,SE Draft Single Bike Dirty Gold 54cm,http://tribesports.com/products/cycling/bikes/single-speed-bikes/4193004-se-draft-single-bike-dirty-gold-54cm
4193005,SE Draft Single Bike Dirty Gold 56cm,http://tribesports.com/products/cycling/bikes/single-speed-bikes/4193005-se-draft-single-bike-dirty-gold-56cm
4193006,SE Draft Single Bike Dirty Gold 58cm,http://tribesports.com/products/cycling/bikes/single-speed-bikes/4193006-se-draft-single-bike-dirty-gold-58cm
4193007,SE Pk Fixed Gear Bike 53cm Black,http://tribesports.com/products/cycling/bikes/single-speed-bikes/4193007-se-pk-fixed-gear-bike-53cm-black
4193008,SE Pk Fixed Gear Single Speed Bike 58cm Black,http://tribesports.com/products/cycling/bikes/single-speed-bikes/4193008-se-pk-fixed-gear-single-speed-bike-58cm-black
4193009,"SE Rip Style Beach Cruiser Bike Black 26""",http://tribesports.com/products/cycling/bikes/single-speed-bikes/4193009-se-rip-style-beach-cruiser-bike-black-26
4193010,"SE Rip Style Beach Cruiser Bike Blue 26""",http://tribesports.com/products/cycling/bikes/single-speed-bikes/4193010-se-rip-style-beach-cruiser-bike-blue-26
4193012,SE Draft Lite Single Speed Bike Red Semi Matte 49cm,http://tribesports.com/products/cycling/bikes/single-speed-bikes/4193012-se-draft-lite-single-speed-bike-red-semi-matte-49cm
4193014,SE Draft Lite Bike 54cm Red Semi Matte,http://tribesports.com/products/cycling/bikes/single-speed-bikes/4193014-se-draft-lite-bike-54cm-red-semi-matte
4193015,SE Om Flyer Single Speed Bike SE Blue 26in,http://tribesports.com/products/cycling/bikes/single-speed-bikes/4193015-se-om-flyer-single-speed-bike-se-blue-26in
4193016,SE PK Fixed Gear Single Speed Bike Black 49cm,http://tribesports.com/products/cycling/bikes/single-speed-bikes/4193016-se-pk-fixed-gear-single-speed-bike-black-49cm
4193017,"SE Stout 15 Single Bike Green Woodgrain 29""",http://tribesports.com/products/cycling/bikes/single-speed-bikes/4193017-se-stout-15-single-bike-green-woodgrain-29
4193021,SE Draft Lite Single Speed Bike Red Semi Matte 43cm (650C),http://tribesports.com/products/cycling/bikes/single-speed-bikes/4193021-se-draft-lite-single-speed-bike-red-semi-matte-43cm-650c
4193023,SE Draft Lite Single Speed Bike Purple 54cm,http://tribesports.com/products/cycling/bikes/single-speed-bikes/4193023-se-draft-lite-single-speed-bike-purple-54cm
4193024,SE Draft Lite Single Speed Bike Purple 56cm,http://tribesports.com/products/cycling/bikes/single-speed-bikes/4193024-se-draft-lite-single-speed-bike-purple-56cm
4193025,SE Draft Lite Single Speed Bike Purple 58cm,http://tribesports.com/products/cycling/bikes/single-speed-bikes/4193025-se-draft-lite-single-speed-bike-purple-58cm
4193026,SE Draft Lite Single Speed Bike Purple 61cm,http://tribesports.com/products/cycling/bikes/single-speed-bikes/4193026-se-draft-lite-single-speed-bike-purple-61cm
4193050,SE Draft Coaster Single Speed Bike Grey 52cm,http://tribesports.com/products/cycling/bikes/single-speed-bikes/4193050-se-draft-coaster-single-speed-bike-grey-52cm
4193051,SE Draft Coaster Single Speed Bike Grey 54cm,http://tribesports.com/products/cycling/bikes/single-speed-bikes/4193051-se-draft-coaster-single-speed-bike-grey-54cm
4193052,SE Draft Coaster Single Speed Bike Grey 56cm,http://tribesports.com/products/cycling/bikes/single-speed-bikes/4193052-se-draft-coaster-single-speed-bike-grey-56cm
4193053,SE Draft Coaster Single Speed Bike Grey 58cm,http://tribesports.com/products/cycling/bikes/single-speed-bikes/4193053-se-draft-coaster-single-speed-bike-grey-58cm
4193056,SE Draft Lite Single Speed Bike Black Matte 49cm,http://tribesports.com/products/cycling/bikes/single-speed-bikes/4193056-se-draft-lite-single-speed-bike-black-matte-49cm
4193057,SE Draft Lite Single Speed Bike White 49cm,http://tribesports.com/products/cycling/bikes/single-speed-bikes/4193057-se-draft-lite-single-speed-bike-white-49cm
4193058,SE Draft Lite Single Speed Bike Gray 52cm,http://tribesports.com/products/cycling/bikes/single-speed-bikes/4193058-se-draft-lite-single-speed-bike-gray-52cm
4193059,SE Draft Lite Single Speed Bike Black Matte 52cm,http://tribesports.com/products/cycling/bikes/single-speed-bikes/4193059-se-draft-lite-single-speed-bike-black-matte-52cm
4193060,SE Draft Lite Single Speed Bike White 52cm,http://tribesports.com/products/cycling/bikes/single-speed-bikes/4193060-se-draft-lite-single-speed-bike-white-52cm
4193061,SE Draft Lite Single Speed Bike Gray 54cm,http://tribesports.com/products/cycling/bikes/single-speed-bikes/4193061-se-draft-lite-single-speed-bike-gray-54cm
4193062,SE Draft Lite Single Speed Bike Black Matte 54cm,http://tribesports.com/products/cycling/bikes/single-speed-bikes/4193062-se-draft-lite-single-speed-bike-black-matte-54cm
4193063,SE Draft Lite Single Speed Bike White 54cm,http://tribesports.com/products/cycling/bikes/single-speed-bikes/4193063-se-draft-lite-single-speed-bike-white-54cm
4193064,SE Draft Lite Single Speed Bike Gray 56cm,http://tribesports.com/products/cycling/bikes/single-speed-bikes/4193064-se-draft-lite-single-speed-bike-gray-56cm
4193065,SE Draft Lite Single Speed Bike Black Matte 56cm,http://tribesports.com/products/cycling/bikes/single-speed-bikes/4193065-se-draft-lite-single-speed-bike-black-matte-56cm
4193066,SE Draft Lite Single Speed Bike White 56cm,http://tribesports.com/products/cycling/bikes/single-speed-bikes/4193066-se-draft-lite-single-speed-bike-white-56cm
4193067,SE Draft Lite Single Speed Bike Gray 58cm,http://tribesports.com/products/cycling/bikes/single-speed-bikes/4193067-se-draft-lite-single-speed-bike-gray-58cm
4193068,SE Draft Lite Single Speed Bike Black Matte 58cm,http://tribesports.com/products/cycling/bikes/single-speed-bikes/4193068-se-draft-lite-single-speed-bike-black-matte-58cm
4193069,SE Draft Lite Single Speed Bike White 58cm,http://tribesports.com/products/cycling/bikes/single-speed-bikes/4193069-se-draft-lite-single-speed-bike-white-58cm
4193071,SE Draft Lite Single Speed Bike Black Matte 61cm,http://tribesports.com/products/cycling/bikes/single-speed-bikes/4193071-se-draft-lite-single-speed-bike-black-matte-61cm
4193073,SE Draft Single Speed Bike Blue 43cm,http://tribesports.com/products/cycling/bikes/single-speed-bikes/4193073-se-draft-single-speed-bike-blue-43cm
4193074,SE Draft Single Speed Bike Blue 47cm,http://tribesports.com/products/cycling/bikes/single-speed-bikes/4193074-se-draft-single-speed-bike-blue-47cm
4193075,SE Draft Single Speed Bike Blue 49cm,http://tribesports.com/products/cycling/bikes/single-speed-bikes/4193075-se-draft-single-speed-bike-blue-49cm
4193076,SE Draft Single Speed Bike Purple 49cm,http://tribesports.com/products/cycling/bikes/single-speed-bikes/4193076-se-draft-single-speed-bike-purple-49cm
4193077,SE Draft Single Speed Bike Blue 52cm,http://tribesports.com/products/cycling/bikes/single-speed-bikes/4193077-se-draft-single-speed-bike-blue-52cm
4193078,SE Draft Single Speed Bike Purple 52cm,http://tribesports.com/products/cycling/bikes/single-speed-bikes/4193078-se-draft-single-speed-bike-purple-52cm
4193079,SE Draft Single Speed Bike Blue 54cm,http://tribesports.com/products/cycling/bikes/single-speed-bikes/4193079-se-draft-single-speed-bike-blue-54cm
4193080,SE Draft Single Speed Bike Purple 54cm,http://tribesports.com/products/cycling/bikes/single-speed-bikes/4193080-se-draft-single-speed-bike-purple-54cm
4193082,SE Draft Single Speed Bike Purple 56cm,http://tribesports.com/products/cycling/bikes/single-speed-bikes/4193082-se-draft-single-speed-bike-purple-56cm
4193083,SE Draft Single Speed Bike Blue 58cm,http://tribesports.com/products/cycling/bikes/single-speed-bikes/4193083-se-draft-single-speed-bike-blue-58cm
4193084,SE Draft Single Speed Bike Purple 58cm,http://tribesports.com/products/cycling/bikes/single-speed-bikes/4193084-se-draft-single-speed-bike-purple-58cm
4193085,SE Draft Single Speed Bike Blue 61cm,http://tribesports.com/products/cycling/bikes/single-speed-bikes/4193085-se-draft-single-speed-bike-blue-61cm
5074260,SE Draft Lite Single Speed Bike Black Matte 49cm,http://tribesports.com/products/cycling/bikes/single-speed-bikes/5074260-se-draft-lite-single-speed-bike-black-matte-49cm
5088706,SE Draft Lite Single Speed Bike Black Matte 49cm,http://tribesports.com/products/cycling/bikes/single-speed-bikes/5088706-se-draft-lite-single-speed-bike-black-matte-49cm
5335436,Jamis Sputnik 2012 Single Speed Road Bike,http://tribesports.com/products/cycling/bikes/single-speed-bikes/5335436-jamis-sputnik-2012-single-speed-road-bike
5335636,Pinarello Catena Single Speed Road Bike,http://tribesports.com/products/cycling/bikes/single-speed-bikes/5335636-pinarello-catena-single-speed-road-bike
5399684,NS Bikes Analog 2012 Single Speed Road Bike,http://tribesports.com/products/cycling/bikes/single-speed-bikes/5399684-ns-bikes-analog-2012-single-speed-road-bike
5460103,Scott OTG 10 2012 - Single Speed Road Bike,http://tribesports.com/products/cycling/bikes/single-speed-bikes/5460103-scott-otg-10-2012-single-speed-road-bike
5460105,Scott OTG 20 2012 - Single Speed Road Bike,http://tribesports.com/products/cycling/bikes/single-speed-bikes/5460105-scott-otg-20-2012-single-speed-road-bike
5555086,Cinelli Gazetta 2012 Single Speed Bike,http://tribesports.com/products/cycling/bikes/single-speed-bikes/5555086-cinelli-gazetta-2012-single-speed-bike
5555087,Cinelli Bootleg Mystic Rats 2012 Single Speed Bike,http://tribesports.com/products/cycling/bikes/single-speed-bikes/5555087-cinelli-bootleg-mystic-rats-2012-single-speed-bike
5555110,Cooper Sebring 2012 Single Speed Road Bike,http://tribesports.com/products/cycling/bikes/single-speed-bikes/5555110-cooper-sebring-2012-single-speed-road-bike
5555112,Cooper Spa 2012 Single Speed Road Bike,http://tribesports.com/products/cycling/bikes/single-speed-bikes/5555112-cooper-spa-2012-single-speed-road-bike
5555114,Cooper Revival 2012 Single Speed Road Bike,http://tribesports.com/products/cycling/bikes/single-speed-bikes/5555114-cooper-revival-2012-single-speed-road-bike
5611319,Specialized P.Fix 2012 Single Speed Road Bike,http://tribesports.com/products/cycling/bikes/single-speed-bikes/5611319-specialized-pfix-2012-single-speed-road-bike
5639640,Wilier Pontevecchio 2012 Single Speed Bike,http://tribesports.com/products/cycling/bikes/single-speed-bikes/5639640-wilier-pontevecchio-2012-single-speed-bike
5639641,Wilier Toni Bevilacqua 2012 Single Speed Bike,http://tribesports.com/products/cycling/bikes/single-speed-bikes/5639641-wilier-toni-bevilacqua-2012-single-speed-bike
5652827,Kona Humu 2012 Singlespeed Bike,http://tribesports.com/products/cycling/bikes/single-speed-bikes/5652827-kona-humu-2012-singlespeed-bike
5652909,Kona Band Wagon 2012 Singlespeed Bike,http://tribesports.com/products/cycling/bikes/single-speed-bikes/5652909-kona-band-wagon-2012-singlespeed-bike
5654546,Kona Band Wagon 2012 - Singlespeed Road Bike,http://tribesports.com/products/cycling/bikes/single-speed-bikes/5654546-kona-band-wagon-2012-singlespeed-road-bike
5903148,Charge Plug 2012,http://tribesports.com/products/cycling/bikes/single-speed-bikes/5903148-charge-plug-2012
5903149,Charge Plug Prestige 2012,http://tribesports.com/products/cycling/bikes/single-speed-bikes/5903149-charge-plug-prestige-2012
5903434,Globe Specialized Roll 1 2011,http://tribesports.com/products/cycling/bikes/single-speed-bikes/5903434-globe-specialized-roll-1-2011
5903437,Globe Roll SE 2012,http://tribesports.com/products/cycling/bikes/single-speed-bikes/5903437-globe-roll-se-2012
5903532,Marin Dominican 2011,http://tribesports.com/products/cycling/bikes/single-speed-bikes/5903532-marin-dominican-2011
5903646,Orbea Dude A20 2011,http://tribesports.com/products/cycling/bikes/single-speed-bikes/5903646-orbea-dude-a20-2011
5904085,Trek Triton 2011,http://tribesports.com/products/cycling/bikes/single-speed-bikes/5904085-trek-triton-2011
5904165,Wilier Pontevecchio  2012,http://tribesports.com/products/cycling/bikes/single-speed-bikes/5904165-wilier-pontevecchio-2012
5904166,Wilier Pontevecchio  2012,http://tribesports.com/products/cycling/bikes/single-speed-bikes/5904166-wilier-pontevecchio-2012
6453292,Brev.M Speciale Fixed Flat 2011 Single Speed Road Bike,http://tribesports.com/products/cycling/bikes/single-speed-bikes/6453292-brevm-speciale-fixed-flat-2011-single-speed-road-bike
6453293,Brev.M Speciale Fixed LTD Flat 2011 Single Speed Road Bike,http://tribesports.com/products/cycling/bikes/single-speed-bikes/6453293-brevm-speciale-fixed-ltd-flat-2011-single-speed-road-bike
6453295,Brev.M Speciale Fixed Riser 2011 Single Speed Road Bike,http://tribesports.com/products/cycling/bikes/single-speed-bikes/6453295-brevm-speciale-fixed-riser-2011-single-speed-road-bike
6453296,Brev.M Speciale Fixed Uno Drop 2011 Single Speed Road Bike,http://tribesports.com/products/cycling/bikes/single-speed-bikes/6453296-brevm-speciale-fixed-uno-drop-2011-single-speed-road-bike
6453297,Brev.M Speciale Fixed Uno Riser 2011 Single Speed Road Bike,http://tribesports.com/products/cycling/bikes/single-speed-bikes/6453297-brevm-speciale-fixed-uno-riser-2011-single-speed-road-bike
6693388,Spot Brand Mod Single Speed,http://tribesports.com/products/cycling/bikes/single-speed-bikes/6693388-spot-brand-mod-single-speed
6743132,Focale 44 Full Moon Single Speed Bike Matte Black 52cm,http://tribesports.com/products/cycling/bikes/single-speed-bikes/6743132-focale-44-full-moon-single-speed-bike-matte-black-52cm
6743133,Focale 44 Full Moon Single Speed Bike Matte Black 55cm,http://tribesports.com/products/cycling/bikes/single-speed-bikes/6743133-focale-44-full-moon-single-speed-bike-matte-black-55cm
6743134,Focale 44 Noble Single Speed Bike Matte Black 55cm,http://tribesports.com/products/cycling/bikes/single-speed-bikes/6743134-focale-44-noble-single-speed-bike-matte-black-55cm
6743297,Fuji Classic Track Bike Orange 61cm (M/L),http://tribesports.com/products/cycling/bikes/single-speed-bikes/6743297-fuji-classic-track-bike-orange-61cm-ml
6743298,Fuji Feather Bike Light Blue 58cm (M/L),http://tribesports.com/products/cycling/bikes/single-speed-bikes/6743298-fuji-feather-bike-light-blue-58cm-ml
6744089,Focale 44 Full Moon Single Speed Bike Matte Black 52cm,http://tribesports.com/products/cycling/bikes/single-speed-bikes/6744089-focale-44-full-moon-single-speed-bike-matte-black-52cm
6744090,Focale 44 Full Moon Single Speed Bike Matte Black 55cm,http://tribesports.com/products/cycling/bikes/single-speed-bikes/6744090-focale-44-full-moon-single-speed-bike-matte-black-55cm
6744091,Focale 44 Noble Single Speed Bike Matte Black 55cm,http://tribesports.com/products/cycling/bikes/single-speed-bikes/6744091-focale-44-noble-single-speed-bike-matte-black-55cm
6744224,Fuji Classic Track Bike Orange 61cm (M/L),http://tribesports.com/products/cycling/bikes/single-speed-bikes/6744224-fuji-classic-track-bike-orange-61cm-ml
6744225,Fuji Feather Bike Light Blue 58cm (M/L),http://tribesports.com/products/cycling/bikes/single-speed-bikes/6744225-fuji-feather-bike-light-blue-58cm-ml
6744386,SE Draft Coaster Single Speed Bike Grey 49cm,http://tribesports.com/products/cycling/bikes/single-speed-bikes/6744386-se-draft-coaster-single-speed-bike-grey-49cm
6744389,SE Draft Single Speed Bike Blue 56cm,http://tribesports.com/products/cycling/bikes/single-speed-bikes/6744389-se-draft-single-speed-bike-blue-56cm
6745360,SE Draft Coaster Single Speed Bike Grey 49cm,http://tribesports.com/products/cycling/bikes/single-speed-bikes/6745360-se-draft-coaster-single-speed-bike-grey-49cm
6745362,SE Draft Single Speed Bike Blue 56cm,http://tribesports.com/products/cycling/bikes/single-speed-bikes/6745362-se-draft-single-speed-bike-blue-56cm
6809696,Focale 44 Full Moon Single Speed Bike Matte Black 58cm,http://tribesports.com/products/cycling/bikes/single-speed-bikes/6809696-focale-44-full-moon-single-speed-bike-matte-black-58cm
6811076,Focale 44 Full Moon Single Speed Bike Matte Black 58cm,http://tribesports.com/products/cycling/bikes/single-speed-bikes/6811076-focale-44-full-moon-single-speed-bike-matte-black-58cm
6955200,"Novara Pixie 20"" Single-Speed Bike - 2012",http://tribesports.com/products/cycling/bikes/single-speed-bikes/6955200-novara-pixie-20-single-speed-bike-2012
7001901,S E Bikes Draft Lite 2011 - Singlespeed Fixie Road Bike,http://tribesports.com/products/cycling/bikes/single-speed-bikes/7001901-s-e-bikes-draft-lite-2011-singlespeed-fixie-road-bike
7022405,"SE Om Flyer Bike Black 26""",http://tribesports.com/products/cycling/bikes/single-speed-bikes/7022405-se-om-flyer-bike-black-26
7026598,"SE Om Flyer Bike Black 26""",http://tribesports.com/products/cycling/bikes/single-speed-bikes/7026598-se-om-flyer-bike-black-26
